OBJECTID,from_lng_mars,from_lat_mars,to_lng_mars,to_lat_mars,isOK
1,120.303282,31.586768,120.30275,31.587061,1
1,120.302594,31.58701,120.303218,31.58666,1
2,120.305758,31.585516,120.303722,31.586537,1
2,120.303615,31.586437,120.305658,31.585388,1
3,120.295249,31.589097,120.294624,31.588442,1
4,120.29704,31.591046,120.296536,31.591334,1
4,120.296481,31.591248,120.296969,31.590954,1
5,120.297712,31.590623,120.297262,31.59089,1
5,120.297192,31.590799,120.297635,31.590518,1
6,120.3001196,31.59464027,120.2970281,31.59094367,1
7,120.301441,31.587827,120.300821,31.588244,1
7,120.300738,31.588175,120.301364,31.587732,1
8,120.302617,31.587135,120.301662,31.587683,1
8,120.301469,31.587664,120.302461,31.587085,1
9,120.291509,31.577062,120.291064,31.579015,1
9,120.290979,31.579038,120.291459,31.577073,1
12,120.270259,31.541053,120.270448,31.541064,1
13,120.2701063,31.5429549,120.2701904,31.54103796,1
14,120.2839607,31.54150905,120.2838913,31.54416793,1
15,120.283943,31.541504,120.283837,31.5415,1
16,120.283981,31.541379,120.283977,31.54149,1
17,120.2873361,31.54158664,120.2839607,31.54150905,1
18,120.297105,31.54513119,120.2952604,31.54417838,1
20,120.3243485,31.56438542,120.3232822,31.56379708,1
21,120.324593,31.564586,120.3249,31.565248,1
23,120.327783,31.564866,120.330599,31.56102,1
23,120.33091,31.560792,120.327872,31.564931,1
25,120.315471,31.580913,120.320921,31.574385,1
27,120.315019,31.58136,120.307807,31.584801,1
29,120.306223,31.580012,120.304303,31.58086,1
30,120.304375,31.58101,120.305467,31.582061,1
30,120.305386,31.582081,120.305386,31.582081,1
31,120.30646,31.579893,120.308257,31.578586,1
31,120.308396,31.57862,120.306521,31.579998,1
32,120.3064738,31.58008453,120.3041295,31.58092836,1
33,120.308656,31.578014,120.308428,31.57838,1
34,120.30356,31.576826,120.308329,31.578389,1
34,120.308211,31.578481,120.303467,31.576877,1
35,120.312629,31.572794,120.316052,31.572835,1
35,120.316348,31.572939,120.312581,31.572904,1
36,120.308275,31.578564,120.306422,31.57991,1
37,120.294176,31.575087,120.297365,31.57524,1
37,120.297314,31.575332,120.294203,31.575215,1
38,120.293743,31.575114,120.293905,31.575108,1
38,120.293925,31.575222,120.293759,31.575229,1
39,120.293922,31.57514507,120.2936869,31.57364597,1
40,120.2941583,31.57688429,120.293922,31.57514507,1
41,120.3064466,31.55280946,120.3027813,31.54945176,1
44,120.302497,31.571107,120.301266,31.572304,1
44,120.301202,31.572256,120.302497,31.571107,1
45,120.300884,31.570243,120.30237,31.570945,1
45,120.302361,31.571006,120.30084,31.570288,1
46,120.303288,31.570301,120.302639,31.570969,1
46,120.302515,31.570921,120.303162,31.570246,1
47,120.303417,31.571537,120.302562,31.5711,1
48,120.307385,31.566267,120.307257,31.56643,1
50,120.307574,31.566669,120.307424,31.566273,1
51,120.3081183,31.56492177,120.3074375,31.56615651,1
53,120.308785,31.572423,120.308318,31.57234,1
54,120.309051,31.573117,120.308836,31.572484,1
54,120.308979,31.572504,120.309219,31.57319,1
55,120.308932,31.572451,120.308854,31.572435,1
56,120.304113,31.571708,120.303525,31.571573,1
57,120.304853,31.571807,120.304306,31.571736,1
59,120.309418,31.574196,120.309225,31.573636,1
59,120.309375,31.573659,120.309544,31.574139,1
60,120.309524,31.57634296,120.3094455,31.5741978,1
65,120.278599,31.575134,120.279052,31.569842,1
65,120.279217,31.56984,120.278721,31.575067,1
67,120.294948,31.606001,120.294285,31.604856,1
67,120.294399,31.604865,120.295028,31.606009,1
68,120.294222,31.604748,120.293776,31.603974,1
68,120.293841,31.603929,120.294312,31.604708,1
69,120.291634,31.594379,120.288168,31.596792,1
69,120.288119,31.596753,120.291618,31.594324,
70,120.287819,31.596634,120.286127,31.59482,1
70,120.286261,31.594765,120.287897,31.596572,1
71,120.291891,31.601262,120.288059,31.596889,1
71,120.288136,31.596844,120.292016,31.601239,1
72,120.28813,31.596745,120.291606,31.594331,1
72,120.291605,31.594398,120.288171,31.596786,1
74,120.3021585,31.56604347,120.2970838,31.56860851,1
75,120.301645,31.564477,120.302222,31.565914,1
75,120.302119,31.565941,120.301637,31.5648,1
76,120.3051307,31.56519845,120.3021585,31.56604347,1
77,120.308094,31.570119,120.308078,31.569949,1
78,120.308153,31.570382,120.308107,31.570172,1
79,120.290186,31.572669,120.29132,31.575243,1
79,120.291191,31.575234,120.290087,31.57276,1
80,120.291405,31.575631,120.291529,31.576867,1
80,120.291476,31.576875,120.291275,31.575557,1
81,120.291398,31.575325,120.292015,31.575213,1
82,120.287473,31.575849,120.291162,31.57536,1
83,120.279762,31.577719,120.278644,31.575306,1
83,120.278804,31.575354,120.279885,31.577664,1
84,120.276843,31.575182,120.272092,31.572534,1
84,120.27221,31.572491,120.27682,31.575055,1
85,120.278561,31.575031,120.278336,31.573518,1
85,120.27854,31.573134,120.278706,31.575036,1
92,120.269053,31.56165007,120.2696118,31.5592323,1
94,120.3292672,31.57593368,120.3269756,31.57589931,1
95,120.330235,31.57655526,120.3292672,31.57593368,1
96,120.3172654,31.57296084,120.3089855,31.57244732,1
97,120.317284,31.572973,120.3173,31.572896,1
98,120.316918,31.574515,120.317253,31.573083,1
99,120.317356,31.573011,120.317301,31.573001,1
101,120.300105,31.573801,120.300035,31.574433,1
101,120.299968,31.574443,120.30005,31.573769,1
102,120.300364,31.573226,120.30012,31.573748,1
102,120.300073,31.573706,120.300315,31.57321,1
104,120.297479,31.575261,120.299694,31.575658,1
104,120.299682,31.575778,120.297515,31.575362,1
105,120.300163,31.575784,120.303317,31.576745,1
105,120.303219,31.576802,120.300024,31.575852,1
106,120.300028,31.574496,120.299891,31.575661,1
106,120.299829,31.57566,120.299966,31.574488,1
107,120.299854,31.575904,120.299612,31.577205,1
107,120.29955,31.577148,120.299784,31.575888,1
108,120.278226,31.565362,120.275765,31.564922,1
108,120.275883,31.564805,120.278226,31.565259,1
109,120.279089,31.569742,120.281514,31.566047,1
109,120.281566,31.56609,120.279282,31.569642,1
110,120.295015,31.551714,120.296267,31.550552,1
110,120.283759,31.563893,120.281777,31.565908,1
111,120.290286,31.55684627,120.291517,31.55555194,1
112,120.287156,31.5602,120.290231,31.556955,1
112,120.290305,31.556987,120.287232,31.560244,1
118,120.2935618,31.57281975,120.2934395,31.5714532,1
119,120.293675,31.573592,120.293674,31.573651,1
123,120.296071,31.570088,120.296733,31.570184,1
123,120.296712,31.570264,120.296047,31.5702,1
124,120.296854,31.570189,120.298908,31.570042,1
124,120.298897,31.570109,120.296854,31.570189,1
125,120.296369,31.567354,120.297075,31.568444,1
125,120.296954,31.568462,120.296328,31.567483,1
126,120.2970838,31.56860851,120.2950181,31.56986847,1
127,120.295224,31.565321,120.295027,31.563974,1
130,120.295579,31.566258,120.295243,31.565389,1
133,120.283376,31.565962,120.282244,31.567359,1
134,120.284247,31.564981,120.284247,31.564981,1
135,120.282632,31.580189,120.283521,31.580496,1
136,120.281413,31.577902,120.282555,31.580108,1
137,120.299466,31.577987,120.299174,31.579557,1
137,120.299107,31.579566,120.299392,31.577974,1
138,120.299144,31.579733,120.298966,31.58082,1
138,120.298864,31.580783,120.299078,31.579722,1
141,120.300562,31.582828,120.301049,31.583476,1
141,120.300991,31.583537,120.300467,31.58286,1
143,120.297956,31.582943,120.300314,31.582701,1
143,120.300343,31.582838,120.297871,31.58308,1
144,120.300541,31.582621,120.301002,31.58242,1
144,120.301002,31.58242,120.300659,31.582735,1
150,120.295232,31.579324,120.295327,31.579308,1
151,120.2952021,31.57931356,120.2944121,31.57758618,1
152,120.2919295,31.57917454,120.2952021,31.57931356,1
153,120.295241,31.579417,120.295209,31.579355,1
155,120.305503,31.568154,120.30443,31.569178,1
155,120.304334,31.569123,120.305396,31.568097,1
156,120.306273,31.567397,120.306273,31.567397,1
156,120.306273,31.567397,120.306209,31.567312,1
157,120.301536,31.560138,120.301005,31.562899,1
157,120.300916,31.562934,120.301509,31.559973,1
158,120.30106,31.563047,120.301601,31.564368,1
158,120.301475,31.564389,120.300963,31.56307,1
161,120.310745,31.562386,120.309532,31.563636,1
162,120.287796,31.561381,120.286769,31.562453,1
163,120.289674,31.559515,120.287859,31.561313,1
164,120.293497,31.555623,120.29249,31.556652,1
164,120.29242,31.556594,120.293405,31.555574,1
165,120.292437,31.556705,120.291984,31.557188,1
165,120.291955,31.557093,120.292367,31.556651,1
166,120.302769,31.54648,120.299826,31.549437,1
166,120.299671,31.549467,120.302759,31.546353,1
167,120.299663,31.549596,120.298486,31.550793,1
167,120.298433,31.550724,120.299598,31.549539,1
168,120.3027813,31.54945176,120.2996931,31.54954601,1
171,120.3231624,31.56145358,120.3237933,31.55894688,1
172,120.3228716,31.56265732,120.3231624,31.56145358,1
176,120.3437409,31.55926627,120.3425834,31.55872947,1
177,120.343659,31.559231,120.343844,31.558972,1
178,120.343911,31.559355,120.343689,31.559264,1
179,120.3431514,31.56049976,120.3437409,31.55926627,1
180,120.307757,31.567759,120.307601,31.566847,1
182,120.307814,31.568162,120.307772,31.567882,1
188,120.3070142,31.57212259,120.304989,31.57178464,1
197,120.281137,31.580502,120.280004,31.578213,1
197,120.28013,31.578158,120.281228,31.580455,1
199,120.281018,31.581078,120.277942,31.580661,1
199,120.277993,31.580583,120.280923,31.581006,1
200,120.2827871,31.58516142,120.2813302,31.58092175,1
201,120.29477,31.558274,120.29477,31.558274,1
203,120.29502,31.563634,120.29481,31.558397,1
204,120.280584,31.562986,120.278866,31.564913,1
204,120.280682,31.563023,120.278799,31.564864,1
205,120.274801,31.564743,120.273156,31.564438,1
205,120.273181,31.56432,120.274796,31.56461,1
207,120.282954,31.56398,120.281132,31.562658,1
207,120.281156,31.562572,120.283131,31.563923,1
208,120.281092,31.562469,120.281305,31.562246,1
208,120.281373,31.56231,120.281172,31.562522,1
209,120.280973,31.562546,120.280718,31.562366,1
209,120.280761,31.562306,120.281027,31.562479,1
210,120.278675,31.561071,120.276652,31.560585,1
210,120.276658,31.560516,120.278632,31.560975,1
212,120.276532,31.560566,120.273598,31.56001,1
212,120.273676,31.559939,120.276538,31.560493,1
237,120.289855,31.583749,120.290932,31.584781,1
237,120.290867,31.584842,120.289812,31.583836,1
242,120.314032,31.604378,120.3145,31.605819,1
246,120.3006031,31.59547533,120.2949131,31.59696988,1
247,120.3021968,31.59824128,120.3006031,31.59547533,1
259,120.2685632,31.56344553,120.269053,31.56165007,1
287,120.2704418,31.52194711,120.2715604,31.52194071,1
289,120.286348,31.5248732,120.2931338,31.52373839,1
290,120.2772714,31.52251676,120.286348,31.5248732,1
291,120.297156,31.525539,120.297045,31.525668,1
292,120.297199,31.525547,120.297487,31.525729,1
293,120.29707,31.525449,120.297151,31.525508,1
294,120.297493,31.525149,120.297202,31.525487,1
295,120.315192,31.538691,120.315597,31.538983,1
296,120.3139158,31.53774858,120.3150441,31.53856497,1
297,120.332089,31.578287,120.331802,31.578077,1
309,120.334371,31.557267,120.334687,31.55687,1
309,120.334806,31.556963,120.334522,31.557315,1
310,120.331061,31.561624,120.334215,31.557437,1
310,120.334393,31.557498,120.331212,31.561669,1
316,120.295205,31.569805,120.295854,31.57004,1
316,120.295867,31.570155,120.295172,31.56991,1
317,120.293498,31.569054,120.294896,31.569664,1
317,120.294532,31.569637,120.293422,31.569142,1
318,120.294785,31.570143,120.294954,31.569855,1
319,120.327054,31.566987,120.328338,31.565195,1
319,120.328443,31.565331,120.327162,31.567023,1
320,120.328457,31.565037,120.32968,31.563507,1
320,120.329787,31.563535,120.328598,31.56512,1
321,120.329755,31.563418,120.330956,31.561772,1
321,120.331123,31.561793,120.329831,31.563477,1
322,120.3427136,31.56134511,120.3431514,31.56049976,1
323,120.3417259,31.56303497,120.3427136,31.56134511,1
324,120.327131,31.547793,120.327485,31.548319,1
325,120.326477,31.547308,120.326906,31.547623,1
327,120.314657,31.552175,120.315301,31.55153,1
327,120.319325,31.541854,120.319392,31.541912,1
328,120.3185008,31.5411935,120.3192938,31.54181532,1
329,120.319146,31.541982,120.31929,31.541856,1
330,120.303237,31.557871,120.302277,31.559134,1
330,120.30218,31.559105,120.303158,31.557825,1
331,120.304012,31.55687,120.303305,31.557779,1
331,120.303217,31.55775,120.303902,31.556846,1
347,120.329032,31.588316,120.329082,31.58822,1
348,120.3289864,31.58834054,120.324723,31.58857536,1
349,120.328535,31.589417,120.329019,31.588348,1
350,120.32984,31.588304,120.329067,31.588333,1
353,120.316995,31.583677,120.317035,31.583725,1
354,120.317531,31.572905,120.320208,31.573851,1
354,120.320165,31.573956,120.317453,31.573024,1
355,120.316908,31.583705,120.316969,31.583673,1
356,120.3263963,31.56682806,120.3245375,31.5692422,1
357,120.294754,31.596927,120.29403,31.596767,1
358,120.294572,31.596212,120.294086,31.596669,1
359,120.295062,31.595771,120.29473,31.59607,1
361,120.293979,31.596755,120.293925,31.596723,1
362,120.294043,31.596712,120.294008,31.596746,1
363,120.30073,31.588324,120.297903,31.590513,1
363,120.297739,31.590457,120.300673,31.588231,1
364,120.3139158,31.53774858,120.3246052,31.54596662,1
365,120.3096619,31.53451812,120.3139158,31.53774858,1
366,120.302081,31.529044,120.309574,31.534508,1
368,120.333042,31.569793,120.333168,31.569681,1
368,120.333281,31.569761,120.333131,31.569878,1
369,120.333219,31.569629,120.336833,31.566299,1
370,120.332605,31.569208,120.333162,31.56964,1
371,120.3370923,31.56645244,120.3332597,31.56968963,1
372,120.270202,31.54089065,120.2704859,31.53737547,1
377,120.2839591,31.54136614,120.2873362,31.54146843,1
378,120.28383,31.541351,120.283942,31.54136,1
379,120.2845785,31.53782735,120.2839591,31.54136614,1
380,120.329117,31.567659,120.32879,31.567603,1
381,120.3325145,31.56936219,120.3292982,31.56758893,1
382,120.310957,31.556138,120.311008,31.556179,1
385,120.3072695,31.55308324,120.3109475,31.55609504,1
385,120.308075,31.553816,120.310838,31.556039,1
390,120.3065888,31.55263308,120.3096514,31.55506213,1
392,120.303469,31.549821,120.305794,31.551915,1
393,120.324904,31.565314,120.325061,31.565537,1
395,120.33175,31.57799693,120.330235,31.57655526,1
396,120.331869,31.577956,120.33509,31.575774,1
398,120.3304749,31.58078474,120.33175,31.57799693,1
399,120.3301531,31.58324764,120.330339,31.58216195,1
402,120.32968,31.586758,120.330171,31.583414,1
404,120.3041421,31.60425061,120.3145232,31.60427746,1
411,120.2842569,31.61166793,120.2840493,31.60971868,1
413,120.3065028,31.5920495,120.3007251,31.59542192,1
416,120.2708191,31.53186589,120.271013,31.5290888,1
417,120.270718,31.533067,120.270773,31.532358,1
421,120.274705,31.537394,120.270958,31.537393,1
421,120.270958,31.537393,120.274679,31.537358,1
422,120.276735,31.537487,120.274887,31.537395,1
422,120.274795,31.537353,120.276753,31.537449,1
423,120.28364,31.537908,120.283192,31.537876,1
423,120.283161,31.537808,120.283619,31.537828,1
424,120.284288,31.537951,120.283751,31.537923,1
424,120.283711,31.537828,120.284289,31.537849,1
426,120.290261,31.553571,120.289425,31.550163,1
427,120.295597,31.553659,120.293572,31.555547,1
427,120.293484,31.555496,120.295524,31.553606,1
428,120.297013,31.55227,120.295721,31.553545,1
428,120.295625,31.553507,120.296909,31.552233,1
429,120.3107998,31.55623869,120.3092286,31.55514811,1
430,120.309696,31.555366,120.310772,31.556181,1
431,120.3092589,31.55765246,120.3107998,31.55623869,1
432,120.31086,31.556247,120.310903,31.556279,1
435,120.307163,31.559327,120.304569,31.556839,1
436,120.307542,31.559652,120.309198,31.557698,1
437,120.306093,31.561744,120.307475,31.559739,1
438,120.30758,31.559744,120.30754,31.559704,1
439,120.302208,31.55922,120.301941,31.559571,1
439,120.301847,31.559539,120.302122,31.559169,1
442,120.301906,31.559624,120.301715,31.559892,1
442,120.301632,31.559832,120.301809,31.559587,1
455,120.3366725,31.57238451,120.3390576,31.57392124,1
456,120.3356395,31.5716458,120.3366725,31.57238451,1
457,120.3414402,31.57262827,120.343263,31.57177473,1
458,120.3354808,31.57136678,120.3414402,31.57262827,1
459,120.343263,31.57177473,120.3462743,31.56901995,1
460,120.338918,31.573821,120.339599,31.574269,1
460,120.339134,31.573974,120.339636,31.574295,1
462,120.3396525,31.57430519,120.3412942,31.57535485,1
465,120.287494,31.582136,120.289742,31.583642,1
465,120.289627,31.583663,120.287395,31.582246,1
478,120.2823691,31.52878595,120.2755871,31.52807503,1
479,120.2848248,31.5292335,120.2823691,31.52878595,1
480,120.286797,31.529573,120.286764,31.529459,1
481,120.28609,31.529468,120.284925,31.52927,1
482,120.2843948,31.53781725,120.2868422,31.52959441,1
483,120.286973,31.52963,120.286875,31.52961,1
488,120.3005275,31.53701217,120.3016584,31.53586549,1
489,120.2994231,31.53816372,120.3005275,31.53701217,1
490,120.290901,31.538098,120.29088,31.538184,1
491,120.2908543,31.538069,120.2948938,31.53817419,1
492,120.2923798,31.53392474,120.2908543,31.538069,1
493,120.290759,31.53807,120.290884,31.538076,1
494,120.296509,31.53818816,120.2994231,31.53816372,1
495,120.2948938,31.53817419,120.296509,31.53818816,1
501,120.316441,31.57282,120.317243,31.572872,1
501,120.317196,31.572988,120.316474,31.572942,1
507,120.3167307,31.58110661,120.3145251,31.58275432,1
508,120.3206077,31.57672009,120.3167307,31.58110661,1
509,120.323079,31.575228,120.319018,31.573463,1
513,120.3213461,31.57566361,120.3206077,31.57672009,1
514,120.3226135,31.57381717,120.3213461,31.57566361,1
515,120.3145251,31.58275432,120.31133,31.58545242,1
517,120.3152043,31.58571457,120.3158004,31.58444949,1
520,120.3269756,31.57589931,120.3238784,31.57553984,1
521,120.326353,31.56808776,120.3226135,31.57381717,1
525,120.320608,31.58627226,120.3169252,31.58383389,1
526,120.320715,31.586312,120.320655,31.586295,1
527,120.322752,31.563296,120.322797,31.563322,1
530,120.322275,31.563001,120.322699,31.563259,1
531,120.314082,31.58035,120.314324,31.579973,1
532,120.32215,31.563114,120.322576,31.563378,1
533,120.322637,31.563418,120.322734,31.563478,1
534,120.3221443,31.56441239,120.3226287,31.56343533,1
537,120.307824,31.545473,120.307993,31.545605,1
538,120.3021263,31.54081192,120.307864,31.54548847,1
540,120.305662,31.546528,120.304591,31.547493,1
542,120.302138,31.546978,120.302728,31.546388,1
542,120.302793,31.546461,120.302219,31.547044,1
543,120.298344,31.550931,120.297145,31.552126,1
543,120.297083,31.552062,120.298273,31.550883,1
544,120.309154,31.55122,120.310217,31.550245,1
544,120.31033,31.550295,120.309241,31.55131,1
545,120.309186,31.551358,120.307311,31.553068,1
545,120.307191,31.553009,120.309063,31.551303,1
548,120.3086,31.546172,120.308034,31.545729,1
549,120.3118507,31.54879839,120.3086455,31.54622165,1
550,120.30426,31.556551,120.30409,31.556779,1
550,120.303963,31.556772,120.304177,31.556482,1
551,120.304683,31.555959,120.304387,31.55638,1
551,120.304332,31.556277,120.304592,31.555917,1
552,120.302789,31.554055,120.303873,31.555648,1
552,120.303779,31.555787,120.302744,31.554158,1
553,120.304502,31.556778,120.304291,31.55655,1
554,120.297403,31.551509,120.302638,31.553891,1
554,120.302566,31.553961,120.297336,31.551607,1
556,120.30518,31.565224,120.305153,31.565216,1
558,120.310327,31.550149,120.310512,31.549982,1
558,120.310601,31.550053,120.310424,31.550218,1
561,120.306645,31.544848,120.305716,31.546446,1
563,120.307008,31.553358,120.305956,31.554341,1
563,120.305862,31.554236,120.306905,31.553269,1
564,120.307945,31.545656,120.307462,31.545283,1
565,120.311815,31.548776,120.313068,31.547638,1
565,120.313115,31.54773,120.311895,31.548858,1
566,120.311978,31.548779,120.31178,31.54881,1
566,120.311865,31.548885,120.310646,31.55001,1
567,120.3144027,31.55093788,120.3118507,31.54879839,1
568,120.302899,31.546207,120.304021,31.545287,1
568,120.304021,31.545287,120.302985,31.546255,1
571,120.30528,31.564014,120.306055,31.561792,1
572,120.295889,31.55112,120.297496,31.551534,1
572,120.297391,31.551616,120.295796,31.551196,1
573,120.3244533,31.58665607,120.3207468,31.58631122,1
575,120.324723,31.58857536,120.315395,31.58919276,1
576,120.294496,31.588402,120.292929,31.589121,1
576,120.292911,31.589029,120.29444,31.588331,1
577,120.295662,31.585454,120.294707,31.588249,1
577,120.294718,31.588116,120.295575,31.585578,1
578,120.294433,31.588261,120.290959,31.58493,1
579,120.296936,31.590873,120.296397,31.590281,1
580,120.285166,31.594071,120.275491,31.596166,1
580,120.275658,31.59615,120.285227,31.593971,1
581,120.286018,31.594708,120.285451,31.594286,1
581,120.285542,31.594182,120.2861,31.594616,1
590,120.2750483,31.59581864,120.2625794,31.58470429,1
591,120.2839116,31.60560836,120.2750483,31.59581864,1
592,120.2827327,31.59644279,120.2850397,31.59411097,1
593,120.2818704,31.59716194,120.2827327,31.59644279,1
594,120.270975,31.591709,120.275135,31.589409,1
594,120.275203,31.589492,120.2713,31.592038,1
595,120.282625,31.58588478,120.2752352,31.58945076,1
599,120.2675,31.584533,120.270493,31.581685,1
599,120.270591,31.581713,120.267523,31.5846,1
600,120.267669,31.588432,120.274371,31.584846,1
600,120.274479,31.58493,120.267822,31.588527,1
601,120.274433,31.584793,120.27486,31.584447,1
601,120.274964,31.584535,120.274536,31.58488,1
602,120.274534,31.584938,120.274916,31.585231,1
610,120.3456462,31.57025657,120.3387296,31.57427604,1
611,120.3456462,31.57025657,120.3440675,31.57178283,1
612,120.3465967,31.56905104,120.3456462,31.57025657,1
613,120.32748,31.565997,120.335323,31.571392,1
614,120.3427567,31.57213181,120.3467141,31.56864013,1
615,120.3394306,31.57376424,120.3427567,31.57213181,1
616,120.3363124,31.5753041,120.3374812,31.57472699,1
617,120.3315122,31.5785221,120.3363124,31.5753041,1
618,120.3359542,31.57535452,120.3349771,31.57145662,1
619,120.335337,31.575655,120.33589,31.575358,1
620,120.3315555,31.5788479,120.3272981,31.5929075,1
621,120.3374363,31.57491292,120.3315555,31.5788479,1
622,120.3307714,31.58223627,120.3306422,31.58328538,1
623,120.3321489,31.57827581,120.3307714,31.58223627,1
624,120.326481,31.59412089,120.3315122,31.5785221,1
625,120.3207397,31.60336297,120.326481,31.59412089,1
626,120.3211564,31.60328934,120.310318,31.60439739,1
627,120.3265718,31.59446397,120.3211564,31.60328934,1
628,120.314766,31.604332,120.32075,31.603421,1
638,120.3262511,31.59438266,120.3287215,31.58896036,1
648,120.2980462,31.60564087,120.3093959,31.60427861,1
649,120.2931438,31.60993777,120.2980462,31.60564087,1
650,120.297837,31.605947,120.292302,31.61032,1
651,120.311655,31.604449,120.298366,31.605601,1
652,120.296152,31.608183,120.295994,31.607841,1
652,120.296081,31.607716,120.296249,31.608038,1
653,120.296091,31.607673,120.296407,31.607191,1
654,120.295938,31.60775,120.29558,31.607108,1
654,120.29571,31.607103,120.296026,31.607633,1
655,120.2913994,31.61028808,120.2960295,31.60775431,1
657,120.296144,31.608236,120.29585,31.608599,1
658,120.3023099,31.60485632,120.2962384,31.60814041,1
659,120.2957691,31.60871086,120.2921169,31.61056132,1
661,120.2910334,31.61050592,120.2931438,31.60993777,1
667,120.313382,31.603392,120.310295,31.597408,1
668,120.3144679,31.6060876,120.313629,31.60379786,1
669,120.3093959,31.60427861,120.3144073,31.60436686,1
670,120.289448,31.61069023,120.2913994,31.61028808,1
671,120.2921169,31.61056132,120.2897749,31.61132484,1
672,120.2870806,31.61127339,120.289448,31.61069023,1
673,120.2846365,31.61201785,120.2870806,31.61127339,1
674,120.2897749,31.61132484,120.2886072,31.61155771,1
675,120.2886072,31.61155771,120.2853483,31.61222244,1
683,120.2849926,31.61285925,120.2874646,31.61560899,1
685,120.2700382,31.55371992,120.2701408,31.55541882,1
686,120.2711925,31.53172161,120.2700382,31.55371992,1
687,120.2701386,31.54890366,120.2700382,31.55371992,1
688,120.2698045,31.55372758,120.2697056,31.55159664,1
689,120.2698045,31.55372758,120.2707472,31.53519761,1
690,120.2699223,31.55542749,120.2698045,31.55372758,1
691,120.2701408,31.55541882,120.2668413,31.56787635,1
692,120.2701408,31.55541882,120.2699502,31.5591796,1
693,120.266676,31.568966,120.270765,31.53523,1
694,120.2696262,31.5591313,120.2699223,31.55542749,1
695,120.266836,31.568162,120.262875,31.584614,1
696,120.262419,31.584499,120.266695,31.568189,1
697,120.2628131,31.58441875,120.2635635,31.58551546,1
698,120.2635635,31.58551546,120.2751589,31.59572352,1
700,120.2751589,31.59572352,120.2839122,31.60497215,1
701,120.2787991,31.59864156,120.2796246,31.59926173,1
702,120.276394,31.596733,120.278775,31.598631,1
703,120.2786267,31.59887481,120.276677,31.59724049,1
704,120.278693,31.598814,120.276754,31.597325,1
706,120.2794376,31.59947746,120.2786267,31.59887481,1
707,120.283835,31.604746,120.284054,31.605618,1
708,120.284145,31.60752245,120.2839116,31.60560836,1
709,120.2840721,31.60800378,120.2827165,31.60240354,1
711,120.284417,31.611207,120.284606,31.611949,1
712,120.284288,31.608343,120.284288,31.609678,1
713,120.284646,31.612084,120.284743,31.612352,1
717,120.348483,31.56156807,120.3461242,31.56033297,1
718,120.3515083,31.56266148,120.3478767,31.56735827,1
719,120.3556447,31.55719688,120.3515083,31.56266148,1
720,120.3450678,31.57107665,120.3440675,31.57178283,1
721,120.3463976,31.5694904,120.3450678,31.57107665,1
722,120.3387296,31.57427604,120.3374363,31.57491292,1
723,120.3483257,31.56651923,120.3541456,31.55900714,1
724,120.3467141,31.56864013,120.3483257,31.56651923,1
725,120.3478767,31.56735827,120.3465967,31.56905104,1
726,120.3462743,31.56901995,120.3509548,31.56293492,1
727,120.3478247,31.5676128,120.3465967,31.56905104,1
728,120.2920966,31.52366551,120.3020361,31.52898943,1
729,120.2854663,31.52515704,120.2920966,31.52366551,1
730,120.2933883,31.52395686,120.2867471,31.52498817,1
731,120.3018357,31.52894672,120.2933883,31.52395686,1
732,120.309472,31.534585,120.301993,31.529077,1
733,120.30934,31.534218,120.309482,31.534329,1
734,120.306047,31.531641,120.309282,31.534175,1
735,120.308939,31.534282,120.305837,31.53183,1
736,120.309322,31.534576,120.309081,31.534392,1
738,120.313787,31.53787646,120.3095197,31.53464749,1
739,120.3148743,31.53875209,120.313787,31.53787646,1
740,120.3245186,31.54603906,120.313787,31.53787646,1
741,120.315285,31.539091,120.314932,31.538796,1
742,120.3157264,31.53907015,120.3169539,31.54000956,1
743,120.3167897,31.54024198,120.3154889,31.53925414,1
744,120.3169539,31.54000956,120.3185008,31.5411935,1
745,120.3237544,31.54517524,120.3250071,31.54615719,1
746,120.3228265,31.54450204,120.3237544,31.54517524,1
747,120.3234787,31.54532764,120.3226218,31.54470587,1
748,120.3246086,31.54627065,120.3234787,31.54532764,1
749,120.3246052,31.54596662,120.3319677,31.55228668,1
750,120.332329,31.552702,120.3245186,31.54603906,1
751,120.3277438,31.5486017,120.3286734,31.54952445,1
752,120.327668,31.548535,120.327728,31.5486,1
753,120.3319677,31.55228668,120.334626,31.55433233,1
754,120.3368014,31.5557888,120.332329,31.552702,1
755,120.334626,31.55433233,120.3394741,31.55700727,1
756,120.3400723,31.55741314,120.3368014,31.5557888,1
757,120.3394741,31.55700727,120.3475246,31.56096258,1
758,120.3461242,31.56033297,120.3400723,31.55741314,1
759,120.342494,31.558724,120.339994,31.557568,1
760,120.3475246,31.56096258,120.3552231,31.5646079,1
761,120.2931338,31.52373839,120.2947738,31.52414877,1
762,120.2940223,31.52416004,120.2864771,31.52517388,1
763,120.294444,31.524294,120.294126,31.524198,1
764,120.296727,31.525212,120.297027,31.525416,1
765,120.2947738,31.52414877,120.2963611,31.5250107,1
766,120.2867471,31.52498817,120.2837294,31.52530046,1
767,120.282534,31.52509619,120.2771727,31.52280111,1
769,120.2844045,31.5254411,120.282534,31.52509619,1
770,120.2780341,31.52284306,120.2854663,31.52515704,1
771,120.286342,31.525226,120.285956,31.525313,1
772,120.2837294,31.52530046,120.2779834,31.52295062,1
773,120.285079,31.525445,120.284433,31.525465,1
774,120.285844,31.525337,120.285162,31.525439,1
776,120.2720248,31.52091739,120.2719396,31.52194826,1
778,120.2719396,31.52194826,120.2736398,31.52204465,1
780,120.2736398,31.52204465,120.2750249,31.5221842,1
781,120.2715495,31.52209553,120.2703077,31.52210035,1
783,120.271503,31.522881,120.271576,31.522148,1
785,120.271903,31.522171,120.271883,31.523004,1
786,120.2735876,31.52233035,120.2719284,31.52212388,1
787,120.2750042,31.52247252,120.2735876,31.52233035,1
788,120.2750249,31.5221842,120.2772714,31.52251676,1
789,120.2771727,31.52280111,120.2750042,31.52247252,1
790,120.271273,31.52715945,120.2780341,31.52284306,1
791,120.2779834,31.52295062,120.2714982,31.52717219,1
792,120.2711151,31.52754889,120.2714002,31.52313986,1
793,120.2719391,31.52328573,120.2716168,31.52755992,1
794,120.2711295,31.52947262,120.271273,31.52715945,1
795,120.2714982,31.52717219,120.2713542,31.52946246,1
796,120.271075,31.527939,120.271094,31.527622,1
797,120.271598,31.527605,120.271576,31.527926,1
799,120.2747262,31.52798786,120.2681752,31.52785033,1
801,120.271013,31.5290888,120.2710907,31.52793842,1
802,120.2715843,31.52794514,120.2715103,31.52912593,1
803,120.275508,31.528077,120.274505,31.527967,1
804,120.2715103,31.52912593,120.271294,31.53207971,1
805,120.2713542,31.52946246,120.2711925,31.53172161,1
806,120.2709469,31.53196178,120.2711295,31.52947262,1
807,120.2707472,31.53519761,120.2709469,31.53196178,1
808,120.271294,31.53207971,120.2712204,31.53308448,1
809,120.2706218,31.53466757,120.2707226,31.53310207,1
810,120.2704859,31.53737547,120.2706218,31.53466757,1
811,120.269931,31.546385,120.270009,31.544293,1
812,120.269903,31.547054,120.269923,31.546516,1
814,120.3152951,31.55148573,120.3144027,31.55093788,1
816,120.29896,31.580904,120.298883,31.581443,1
816,120.298722,31.58145,120.29884,31.580895,1
818,120.2964002,31.58190898,120.2957537,31.5805601,1
819,120.2976964,31.5829296,120.2964002,31.58190898,1
820,120.310773,31.562325,120.309957,31.561874,1
821,120.312131,31.562983,120.310931,31.562399,1
824,120.2934395,31.5714532,120.2947909,31.57017797,1
828,120.320077,31.566566,120.320421,31.566759,1
829,120.311233,31.562319,120.319895,31.566474,1
830,120.319731,31.5665,120.3174,31.565376,1
831,120.320333,31.566837,120.320051,31.566671,1
832,120.32047,31.566792,120.320535,31.56683,1
833,120.320483,31.566757,120.320753,31.566493,1
835,120.320453,31.566909,120.320382,31.566868,1
836,120.32002,31.567174,120.320339,31.566883,1
838,120.322056,31.567946,120.320502,31.566942,1
839,120.320594,31.566861,120.322825,31.568336,1
841,120.322152,31.568011,120.322167,31.56802,1
842,120.330078,31.572325,120.33299,31.569841,1
842,120.333076,31.569928,120.330182,31.57237,1
843,120.330004,31.572443,120.330053,31.572362,1
843,120.33016,31.57241,120.330106,31.572492,1
844,120.323051,31.568487,120.32528,31.570011,1
845,120.329257,31.575873,120.329979,31.572484,1
845,120.330086,31.572529,120.329337,31.575904,1
846,120.329951,31.572445,120.323466,31.568921,1
847,120.3374812,31.57472699,120.3394306,31.57376424,1
849,120.3353652,31.57607333,120.3321489,31.57827581,1
850,120.3467984,31.5754604,120.3353652,31.57607333,1
851,120.342719,31.57624167,120.3363942,31.57236788,1
852,120.3435825,31.57624899,120.3452676,31.5759283,1
853,120.343606,31.57200879,120.3435825,31.57624899,1
854,120.330339,31.58216195,120.3304749,31.58078474,1
896,120.2704918,31.54088633,120.2838153,31.54136298,1
897,120.270869,31.537542,120.27056,31.540844,1
898,120.2704701,31.54104003,120.270252,31.54608098,1
899,120.273449,31.541173,120.270688,31.541069,1
911,120.329374,31.566592,120.329529,31.566793,1
912,120.270054,31.548966,120.269862,31.548956,1
912,120.269866,31.548824,120.270094,31.548826,1
913,120.274451,31.54929,120.270184,31.548967,1
913,120.270164,31.548829,120.274404,31.549216,1
914,120.270243,31.546144,120.270113,31.548785,1
915,120.269844,31.548776,120.2699,31.547161,1
916,120.269745,31.550672,120.269839,31.548986,1
945,120.307115,31.584899,120.305868,31.585443,1
945,120.30583,31.585317,120.306686,31.584886,1
946,120.307742,31.584873,120.308426,31.587457,1
946,120.308295,31.587489,120.30763,31.584939,1
947,120.3084915,31.58788656,120.3099704,31.59475593,1
948,120.3098437,31.59463531,120.3083853,31.58798558,1
949,120.329091,31.588187,120.329668,31.5868,1
952,120.3130077,31.58969563,120.3092433,31.59069525,1
954,120.2993756,31.59273228,120.298474,31.59327356,1
955,120.3047337,31.58998343,120.2993756,31.59273228,1
956,120.298474,31.59327356,120.2967266,31.59446036,1
957,120.3101676,31.59690434,120.3098437,31.59463531,1
959,120.3099704,31.59475593,120.3107737,31.59856193,1
960,120.3194607,31.59695903,120.3163509,31.59257661,1
961,120.3207157,31.59788738,120.3194607,31.59695903,1
962,120.2929328,31.59783982,120.2911332,31.59974232,1
963,120.3030158,31.59977171,120.3021968,31.59824128,1
964,120.302058,31.597725,120.302285,31.598166,1
965,120.302186,31.598188,120.300649,31.595552,1
966,120.310852,31.598715,120.313944,31.604154,1
999,120.307876,31.56856,120.307832,31.568242,1
1000,120.308059,31.569872,120.307884,31.568629,1
1011,120.28442,31.564863,120.288185,31.569275,1
1011,120.288135,31.569351,120.284323,31.564965,1
1014,120.280021,31.573171,120.280043,31.572542,1
1014,120.280102,31.572531,120.280077,31.573174,1
1015,120.280048,31.572446,120.28093,31.569228,1
1015,120.28096,31.569262,120.280107,31.572449,1
1016,120.297712,31.583115,120.296883,31.583853,1
1016,120.296717,31.583839,120.297573,31.583033,1
1024,120.313129,31.56343,120.312222,31.563025,1
1026,120.314839,31.564169,120.313221,31.563462,1
1028,120.306896,31.5397557,120.3104939,31.53613092,1
1029,120.3047055,31.54208045,120.306896,31.5397557,1
1030,120.2992767,31.54772242,120.3006456,31.54633666,1
1031,120.296495,31.550345,120.299142,31.547785,1
1033,120.3036685,31.54324599,120.3047055,31.54208045,1
1035,120.3021283,31.54481531,120.3036685,31.54324599,1
1037,120.3104939,31.53613092,120.3114821,31.53513763,1
1046,120.27579,31.585989,120.278008,31.58791,1
1047,120.278094,31.588112,120.278053,31.587973,1
1047,120.278071,31.587956,120.27823,31.588047,1
1049,120.295127,31.57946,120.287389,31.582016,1
1049,120.287281,31.581983,120.295091,31.579348,1
1050,120.2825684,31.58581602,120.2872094,31.58209064,1
1051,120.2751876,31.58938902,120.2825684,31.58581602,1
1057,120.277799,31.580492,120.277936,31.580174,1
1058,120.2759237,31.58360485,120.2778277,31.58053039,1
1060,120.283059,31.585853,120.280904,31.59058,1
1060,120.280774,31.590471,120.28295,31.585909,1
1061,120.274631,31.595151,120.28038,31.590908,1
1061,120.280489,31.590994,120.274693,31.595233,1
1069,120.289105,31.550068,120.284259,31.549138,1
1069,120.284332,31.549011,120.289057,31.549962,1
1070,120.2893898,31.55004439,120.2898484,31.54764835,1
1071,120.289514,31.550129,120.289446,31.550117,1
1071,120.289445,31.550029,120.289517,31.550043,1
1073,120.2711243,31.53439706,120.2708366,31.53737119,1
1075,120.283511,31.564208,120.284263,31.564752,1
1075,120.284118,31.564822,120.283426,31.564324,1
1077,120.308465,31.571352,120.308169,31.5704497,1
1078,120.308774,31.572275,120.308506,31.571437,1
1089,120.309477,31.576479,120.309268,31.576941,1
1099,120.310317,31.562086,120.307651,31.559823,1
1104,120.3051256,31.56496262,120.3052355,31.56406504,1
1104,120.305139,31.565077,120.305259,31.564126,1
1106,120.3094879,31.5636882,120.3081183,31.56492177,1
1107,120.297271,31.551594,120.293887,31.550767,1
1107,120.293848,31.550673,120.297495,31.551544,1
1111,120.292802,31.554254,120.294855,31.551873,1
1116,120.285228,31.576121,120.285543,31.576065,1
1117,120.284407,31.57638,120.285055,31.576167,1
1119,120.283613,31.580528,120.283787,31.580592,1
1120,120.283456,31.580475,120.283795,31.580595,1
1121,120.285663,31.576052,120.287385,31.575857,1
1122,120.289146,31.565919,120.291333,31.568076,1
1122,120.291116,31.568143,120.289076,31.566032,1
1123,120.291396,31.568117,120.291458,31.568153,1
1123,120.291286,31.568231,120.29121,31.568198,1
1124,120.288322,31.56951,120.288816,31.570371,1
1124,120.288713,31.570402,120.288257,31.569583,1
1125,120.288246,31.569378,120.288289,31.56945,1
1125,120.288216,31.569509,120.288158,31.569389,1
1126,120.291548,31.568196,120.29338,31.569006,1
1126,120.293328,31.569104,120.291373,31.568278,1
1128,120.283364,31.576825,120.283863,31.576606,1
1129,120.279311,31.578315,120.283225,31.576881,1
1130,120.284041,31.576529,120.2843,31.576418,1
1131,120.281243,31.577528,120.281367,31.577806,1
1132,120.28044,31.575226,120.281202,31.577433,1
1138,120.2967801,31.56808184,120.2956742,31.56655317,1
1138,120.296274,31.567409,120.295609,31.566334,1
1140,120.288495,31.564789,120.289001,31.565668,1
1140,120.288939,31.56579,120.288395,31.56484,1
1142,120.284218,31.559204,120.284695,31.558689,1
1143,120.281856,31.561678,120.284162,31.559259,1
1143,120.284187,31.559365,120.281921,31.561727,1
1144,120.286672,31.562625,120.288077,31.564107,1
1144,120.287942,31.564104,120.286568,31.562728,1
1146,120.286425,31.562824,120.285326,31.563905,1
1148,120.285183,31.56227,120.287077,31.560291,1
1148,120.287165,31.56031,120.285227,31.562336,1
1149,120.2841304,31.54903603,120.284914,31.55846156,1
1150,120.281412,31.562132,120.281788,31.56175,1
1150,120.281858,31.561796,120.281459,31.56222,1
1152,120.284099,31.549103,120.28396,31.549079,1
1152,120.283954,31.548916,120.28409,31.548946,1
1153,120.2838884,31.54500461,120.2841304,31.54903603,1
1154,120.283792,31.541488,120.28379,31.541374,1
1155,120.283677,31.541497,120.278273,31.541354,1
1156,120.2837428,31.54415438,120.2838156,31.5415041,1
1157,120.2838153,31.54136298,120.283835,31.53986156,1
1159,120.284062,31.538571,120.284339,31.537997,1
1160,120.2845785,31.53782735,120.2906877,31.53806519,1
1161,120.2870093,31.52962331,120.2845785,31.53782735,1
1162,120.283817,31.54905,120.279104,31.549111,1
1162,120.279009,31.54891,120.283671,31.548865,1
1163,120.2839082,31.54898739,120.2837428,31.54415438,1
1164,120.2840503,31.55043677,120.2839082,31.54898739,1
1165,120.283835,31.53986156,120.2839185,31.53885785,1
1168,120.30121,31.572364,120.300617,31.572938,1
1168,120.300585,31.572914,120.301124,31.572332,1
1170,120.299052,31.570026,120.300799,31.570205,1
1170,120.300766,31.57026,120.299039,31.570102,1
1171,120.307062,31.566649,120.306383,31.567289,1
1171,120.306289,31.567234,120.306906,31.566611,1
1172,120.29958,31.577394,120.299489,31.577866,1
1172,120.299408,31.577852,120.299508,31.577373,1
1175,120.300586,31.572967,120.300384,31.573197,1
1175,120.300342,31.573173,120.300551,31.572949,1
1178,120.294379,31.577452,120.294199,31.576977,1
1182,120.301737,31.582091,120.302813,31.581576,1
1182,120.302813,31.581576,120.301823,31.582177,1
1183,120.322528,31.544602,120.32269,31.544433,1
1184,120.32251,31.54463396,120.3191328,31.54202014,1
1185,120.3213716,31.54570563,120.32251,31.54463396,1
1186,120.322583,31.544681,120.322531,31.544631,1
1189,120.315348,31.551491,120.315405,31.551432,1
1190,120.314636,31.55219,120.315322,31.551516,1
1191,120.315413,31.551546,120.315348,31.551513,1
1192,120.3171274,31.54974018,120.3188281,31.54813485,1
1194,120.3153545,31.55142963,120.3171274,31.54974018,1
1195,120.322727,31.544427,120.322788,31.544475,1
1196,120.3215159,31.5435315,120.3227038,31.5444421,1
1197,120.317112,31.543869,120.319096,31.542029,1
1197,120.319208,31.542093,120.317122,31.54401,1
1198,120.319103,31.54198,120.316839,31.540279,1
1204,120.313118,31.535896,120.310605,31.538344,1
1204,120.310552,31.538277,120.313034,31.535816,1
1225,120.272211,31.572493,120.274147,31.573768,1
1225,120.274086,31.573892,120.272068,31.572516,1
1226,120.271713,31.572106,120.268077,31.566122,1
1226,120.268419,31.566329,120.271823,31.572025,1
1240,120.310547,31.538279,120.313013,31.535832,1
1240,120.313151,31.535864,120.31079,31.538162,1
1241,120.307743,31.584716,120.314904,31.581319,1
1250,120.309238,31.576994,120.308718,31.577917,1
1253,120.308843,31.540166,120.310476,31.538352,1
1253,120.310556,31.538399,120.30893,31.540197,1
1255,120.306088,31.543238,120.30745,31.541728,1
1255,120.307535,31.541754,120.306222,31.543243,1
1260,120.316619,31.544335,120.316994,31.543992,1
1260,120.317082,31.544045,120.31665,31.544438,1
1261,120.315277,31.545575,120.316479,31.544459,1
1261,120.317074,31.54405,120.316645,31.544447,1
1263,120.313091,31.547616,120.313633,31.547121,1
1263,120.313711,31.547174,120.313182,31.54767,1
1265,120.31421,31.546579,120.315123,31.545727,1
1265,120.315336,31.545661,120.315288,31.545709,1
1266,120.315241,31.545624,120.315254,31.54561,1
1266,120.316586,31.5445,120.3154,31.545606,1
1268,120.31381,31.546956,120.314129,31.546646,1
1268,120.315215,31.545785,120.314354,31.546582,1
1269,120.313692,31.547073,120.313754,31.547004,1
1269,120.313812,31.547081,120.313772,31.547129,1
1273,120.317153,31.565264,120.315783,31.564612,1
1296,120.304334,31.569266,120.303763,31.569831,1
1296,120.303634,31.569768,120.304248,31.569212,1
1298,120.289993,31.54767423,120.2895371,31.55006448,1
1300,120.2952604,31.54417838,120.2932716,31.54317247,1
1301,120.3006456,31.54633666,120.3021283,31.54481531,1
1302,120.293536,31.550711,120.289604,31.550139,1
1302,120.289663,31.550064,120.293531,31.550635,1
1304,120.2903738,31.54289937,120.290483,31.5460276,1
1307,120.293225,31.543111,120.287425,31.541566,1
1308,120.2933489,31.54308196,120.2953485,31.5441142,1
1309,120.2873362,31.54146843,120.2933489,31.54308196,1
1312,120.2908276,31.53818348,120.2901993,31.54080504,1
1313,120.2935385,31.53077355,120.2930263,31.53220172,1
1314,120.293507,31.530771,120.293327,31.53074,1
1315,120.293581,31.530653,120.293541,31.530759,1
1316,120.33261,31.558264,120.333286,31.557194,1
1316,120.333415,31.557208,120.332718,31.558333,1
1320,120.2712204,31.53308448,120.2711243,31.53439706,1
1326,120.2930263,31.53220172,120.2923798,31.53392474,1
1327,120.2953485,31.5441142,120.2972547,31.5450562,1
1328,120.3019409,31.5291532,120.2987127,31.52685603,1
1330,120.305626,31.53167,120.301943,31.529119,1
1331,120.3024933,31.53502371,120.3043067,31.53317409,1
1332,120.3016584,31.53586549,120.3024933,31.53502371,1
1335,120.305705,31.531678,120.305835,31.531526,1
1336,120.304292,31.533124,120.305654,31.531727,1
1337,120.3031884,31.52968382,120.3059345,31.53150455,1
1342,120.3020892,31.52896051,120.3031884,31.52968382,1
1343,120.298235,31.52624,120.305813,31.531474,1
1350,120.30369,31.569892,120.303347,31.570244,1
1350,120.303232,31.570173,120.303553,31.569826,1
1356,120.321011,31.574444,120.32038,31.575392,1
1357,120.324172,31.56979,120.320991,31.574456,1
1358,120.318899,31.573414,120.317421,31.573018,1
1360,120.336941,31.566197,120.341647,31.563104,1
1361,120.333398,31.557246,120.330269,31.561681,1
1361,120.330155,31.56164,120.333318,31.557154,1
1362,120.33485,31.554573,120.333683,31.556765,1
1400,120.269804,31.563811,120.268849,31.563616,1
1400,120.268889,31.563492,120.269834,31.563685,1
1402,120.2699341,31.55927999,120.2688322,31.56351288,1
1403,120.2862818,31.52798388,120.2857931,31.52650166,1
1404,120.286571,31.528836,120.286176,31.527649,1
1405,120.291687,31.557485,120.289717,31.559475,1
1405,120.289639,31.559424,120.291481,31.557593,1
1406,120.284281,31.563268,120.28509,31.562376,1
1406,120.285142,31.562417,120.284332,31.563284,1
1412,120.3188281,31.54813485,120.3204087,31.54663943,1
1414,120.3204087,31.54663943,120.3213716,31.54570563,1
1418,120.3474832,31.56109672,120.3438505,31.55931588,1
1424,120.3092286,31.55514811,120.3069432,31.55336803,1
1425,120.3012742,31.54806448,120.3029172,31.54939887,1
1426,120.2980802,31.54556435,120.3012742,31.54806448,1
1427,120.297927,31.545629,120.301028,31.548024,1
1428,120.301304,31.548227,120.302485,31.549142,1
1437,120.2677226,31.56588465,120.2684713,31.5637833,1
1441,120.31133,31.58545242,120.3071562,31.58861175,1
1442,120.3148356,31.58761449,120.3152043,31.58571457,1
1443,120.3272981,31.5929075,120.3265718,31.59446397,1
1449,120.2957537,31.5805601,120.2952274,31.579371,1
1451,120.295434,31.579284,120.298998,31.579574,1
1452,120.298883,31.581443,120.297914,31.582871,1
1452,120.297772,31.582812,120.298703,31.581546,1
1454,120.304041,31.545154,120.305427,31.543907,1
1454,120.305498,31.543962,120.304115,31.5452,1
1465,120.2820224,31.60135261,120.279552,31.59955077,1
1466,120.2827165,31.60240354,120.2820224,31.60135261,1
1468,120.279565,31.59939,120.279644,31.599293,1
1469,120.279626,31.599492,120.279547,31.599445,1
1470,120.290561,31.60031,120.285457,31.605693,1
1470,120.285264,31.605691,120.29845,31.593157,1
1472,120.279677,31.599289,120.279758,31.599348,1
1474,120.282288,31.601291,120.282553,31.601603,1
1475,120.2797305,31.59933083,120.2822176,31.6012184,1
1479,120.316784,31.55971637,120.3221642,31.56291662,1
1479,120.314722,31.558575,120.322139,31.562923,1
1481,120.3130569,31.55765555,120.316784,31.55971637,1
1481,120.313119,31.557708,120.31466,31.558542,1
1482,120.3166493,31.55984144,120.3108849,31.55630965,1
1484,120.3190135,31.56125316,120.3166493,31.55984144,1
1484,120.316718,31.559869,120.318999,31.561235,1
1489,120.2987127,31.52685603,120.297487,31.52600784,1
1490,120.297576,31.52579,120.29813,31.526169,1
1494,120.307819,31.553944,120.309255,31.555047,1
1495,120.309444,31.555194,120.309594,31.555302,1
1496,120.2846737,31.55781475,120.2845005,31.5557196,1
1497,120.296999,31.525714,120.29678,31.525954,1
1498,120.297005,31.525675,120.296918,31.52562,1
1499,120.297441,31.525922,120.29705,31.525703,1
1500,120.2933782,31.53074033,120.2870093,31.52962331,1
1501,120.296869,31.525594,120.296529,31.525408,1
1502,120.329943,31.586812,120.329777,31.586789,1
1503,120.3296442,31.58671983,120.3280836,31.58660995,1
1504,120.305494,31.543848,120.305624,31.54372,1
1504,120.305692,31.543782,120.305561,31.543906,1
1505,120.327504,31.548377,120.327637,31.548511,1
1506,120.324119,31.55765309,120.3243833,31.5565422,1
1507,120.3237933,31.55894688,120.324119,31.55765309,1
1508,120.327631,31.548536,120.327435,31.548715,1
1520,120.2780183,31.54129966,120.2735118,31.54114156,1
1534,120.3021276,31.60439373,120.3040326,31.60426174,1
1535,120.296585,31.60691908,120.3021276,31.60439373,1
1536,120.303043,31.604766,120.303339,31.604738,1
1537,120.303548,31.604704,120.30402,31.604622,1
1538,120.304209,31.604595,120.306009,31.604482,1
1539,120.3151181,31.60457093,120.3050171,31.60455133,1
1540,120.3151181,31.60457093,120.3050171,31.60455133,1
1546,120.316877,31.583701,120.316529,31.583223,1
1547,120.316932,31.583762,120.316895,31.583729,1
1548,120.315771,31.580845,120.314505,31.581707,1
1549,120.319483,31.576746,120.315913,31.580738,1
1550,120.314369,31.579897,120.314936,31.578933,1
1558,120.281128,31.537755,120.277016,31.537509,1
1558,120.276988,31.537463,120.281066,31.537696,1
1559,120.283063,31.537861,120.281284,31.537762,1
1559,120.281276,31.537708,120.283054,31.537804,1
1562,120.293388,31.530589,120.293555,31.530626,1
1563,120.2966405,31.52610293,120.2935856,31.5306377,1
1565,120.2888061,31.52979206,120.2934275,31.53060078,1
1566,120.2963893,31.52534598,120.2944593,31.52430276,1
1580,120.324534,31.56931,120.32426,31.569669,1
1581,120.295538,31.607044,120.295002,31.606107,1
1581,120.295055,31.606061,120.295645,31.607002,1
1588,120.288846,31.570418,120.289318,31.571199,1
1588,120.289213,31.571263,120.288755,31.570475,1
1589,120.289396,31.571337,120.289833,31.572105,1
1589,120.289807,31.572284,120.289275,31.571366,1
1592,120.28004,31.573881,120.280017,31.57325,1
1592,120.28008,31.573293,120.280119,31.573861,1
1595,120.2756587,31.59608573,120.2767364,31.59704953,1
1596,120.2761,31.596775,120.2756,31.596334,1
1598,120.310274,31.597328,120.310236,31.597102,1
1607,120.270015,31.544125,120.270052,31.543385,1
1627,120.271914,31.564198,120.270119,31.563866,1
1627,120.270348,31.563784,120.271872,31.564069,1
1628,120.271864,31.559686,120.269981,31.559324,1
1628,120.270018,31.559229,120.272976,31.55981,1
1629,120.273504,31.559994,120.273118,31.559917,1
1629,120.273133,31.559841,120.273534,31.559915,1
1640,120.3127648,31.55491681,120.3145641,31.55223328,1
1641,120.3115051,31.55560407,120.3127648,31.55491681,1
1643,120.293727,31.603881,120.292396,31.601841,1
1643,120.292472,31.601803,120.2938,31.603847,1
1644,120.3239229,31.59922002,120.3207157,31.59788738,1
1652,120.329364,31.566583,120.329537,31.566798,1
1653,120.3256681,31.56451862,120.3291945,31.56648216,1
1654,120.324949,31.564417,120.325532,31.564499,1
1655,120.3287052,31.5675396,120.3251106,31.56554214,1
1656,120.3296043,31.56694947,120.3326441,31.56925653,1
1662,120.295209,31.564105,120.296369,31.567354,1
1666,120.265019,31.586589,120.267311,31.584692,1
1666,120.267405,31.584702,120.265129,31.586636,1
1667,120.264593,31.586911,120.264927,31.586654,1
1667,120.265038,31.586729,120.264628,31.587075,1
1669,120.315,31.578812,120.316898,31.574612,1
1671,120.307658,31.572262,120.307077,31.572175,1
1677,120.3163509,31.59257661,120.3153244,31.59067599,1
1692,120.34263,31.558312,120.34381,31.558926,1
1693,120.3388007,31.55688979,120.3430478,31.55857062,1
1696,120.3260963,31.54757198,120.3246086,31.54627065,1
1697,120.3271978,31.54852906,120.3260963,31.54757198,1
1698,120.328167,31.549049,120.330316,31.550869,1
1699,120.3274284,31.54874011,120.3249433,31.554499,1
1700,120.32741,31.548723,120.327289,31.548595,1
1701,120.3285063,31.54976226,120.3274284,31.54874011,1
1702,120.327267,31.548578,120.327218,31.548533,1
1723,120.3478247,31.5676128,120.3463976,31.5694904,1
1726,120.339961,31.557554,120.338835,31.557034,1
1727,120.338713,31.556977,120.338617,31.556933,1
1729,120.338653,31.556911,120.338873,31.556897,1
1731,120.344127,31.559108,120.347585,31.560915,1
1732,120.3511197,31.5627305,120.3542392,31.55867608,1
1735,120.35616,31.55668171,120.3478247,31.5676128,1
1737,120.280615,31.562295,120.279693,31.561647,1
1737,120.27973,31.561586,120.280651,31.56223,1
1740,120.290461,31.553657,120.294928,31.558192,1
1741,120.289554,31.550243,120.290361,31.553493,1
1742,120.295078,31.560975,120.295196,31.56366,1
1743,120.294961,31.558369,120.295069,31.560895,1
1749,120.308243,31.572328,120.307731,31.572268,1
1776,120.31597,31.551778,120.315463,31.551572,1
1777,120.3179139,31.55218043,120.3163421,31.55188295,1
1778,120.3248181,31.55464157,120.3179139,31.55218043,1
1779,120.3110392,31.5561629,120.3130569,31.55765555,1
1779,120.311058,31.556216,120.312989,31.557631,1
1783,120.322408,31.5633021,120.3190135,31.56125316,1
1785,120.307229,31.566458,120.30712,31.56659,1
1785,120.306993,31.566535,120.307148,31.566362,1
1792,120.303999,31.604246,120.302248,31.5983,1
1798,120.3034081,31.60028384,120.3041421,31.60425061,1
1803,120.275066,31.585357,120.275636,31.585853,1
1804,120.319446,31.541951,120.321498,31.543516,1
1806,120.2829132,31.60232224,120.2842364,31.60971198,1
1808,120.2797105,31.59917061,120.2818704,31.59716194,1
1811,120.315523,31.604592,120.31519,31.604588,1
1812,120.316686,31.604556,120.315648,31.604572,1
1815,120.295486,31.606949,120.294999,31.606103,1
1815,120.295072,31.606082,120.295631,31.60697,1
1817,120.302386,31.604855,120.302952,31.604777,1
1827,120.317441,31.572285,120.319923,31.567268,1
1828,120.317315,31.572839,120.317422,31.572365,1
1836,120.2845005,31.5557196,120.2840503,31.55043677,1
1839,120.2967266,31.59446036,120.2951703,31.5957019,1
1845,120.280983,31.569128,120.282199,31.567295,1
1845,120.282198,31.567419,120.281031,31.569129,1
1850,120.3270841,31.56706418,120.326353,31.56808776,1
1851,120.296271,31.590151,120.29538,31.589237,1
1861,120.344086,31.559105,120.343955,31.559358,1
1862,120.343903,31.55898,120.344064,31.559074,1
1864,120.342864,31.56135289,120.3418187,31.56309405,1
1865,120.343923,31.559421,120.34289,31.561307,1
1867,120.3418187,31.56309405,120.3370923,31.56645244,1
1871,120.3243833,31.5565422,120.3248181,31.55464157,1
1876,120.3250071,31.54615719,120.3264509,31.54723942,1
1884,120.279765,31.599371,120.279675,31.599466,1
1887,120.282835,31.5965378,120.2819643,31.59725813,1
1889,120.2819643,31.59725813,120.2797305,31.59933083,1
1892,120.304125,31.604287,120.304178,31.604587,1
1893,120.304018,31.604262,120.304107,31.604256,1
1894,120.304056,31.6046,120.304003,31.604288,1
1895,120.304083,31.604614,120.304162,31.604604,1
1903,120.3037521,31.54330163,120.2903683,31.55690318,1
1904,120.3455987,31.52663719,120.3037521,31.54330163,1
1906,120.3017635,31.53594667,120.2999562,31.53781949,1
1907,120.3062573,31.53134327,120.3017635,31.53594667,1
1911,120.315284,31.572857,120.316228,31.572828,1
1912,120.3089702,31.57233118,120.3152125,31.57284592,1
1913,120.283691,31.576797,120.283372,31.576922,1
1914,120.292165,31.575317,120.283933,31.5767,1
1915,120.3076151,31.55967824,120.305254,31.56497323,1
1915,120.307539,31.559854,120.305239,31.564946,1
1916,120.2910107,31.59975346,120.2939671,31.59671418,1
1917,120.3226218,31.54470587,120.3154972,31.55148619,1
1918,120.322779,31.544511,120.322613,31.544676,1
1919,120.293914,31.596705,120.293944,31.596669,1
1920,120.307661,31.559674,120.307614,31.559739,1
1921,120.3025646,31.57095382,120.3087704,31.57227734,1
1922,120.309258,31.557747,120.30772,31.559587,1
1924,120.2906639,31.53817957,120.2843821,31.53793195,1
1926,120.327038,31.575836,120.329228,31.575889,1
1927,120.3089855,31.57244732,120.3095517,31.57417498,1
1928,120.308929,31.572359,120.308952,31.572431,1
1929,120.290851,31.538206,120.290736,31.538204,1
1930,120.299461,31.5383235,120.2908276,31.53818348,1
1931,120.3237966,31.57543108,120.3269756,31.57583131,1
1933,120.3073721,31.5660964,120.3052244,31.5652164,1
1934,120.3080498,31.56489525,120.3109344,31.56211527,1
1935,120.295094,31.569614,120.30482,31.565135,1
1936,120.3228203,31.56330868,120.3244351,31.56423017,1
1938,120.3243269,31.55720225,120.3228203,31.56330868,1
1939,120.304379,31.556443,120.307649,31.559627,1
1940,120.309442,31.561317,120.31108,31.562232,1
1941,120.307737,31.559714,120.309285,31.561201,1
1943,120.317333,31.572881,120.317387,31.572889,1
1944,120.31644,31.57282,120.317263,31.572871,1
1945,120.317369,31.573055,120.314275,31.580241,1
1946,120.317406,31.572906,120.317383,31.572991,1
1947,120.30762,31.565554,120.307971,31.564975,1
1948,120.307432,31.565985,120.307566,31.565672,1
1949,120.3097746,31.57539553,120.3064738,31.58008453,1
1950,120.3095517,31.57417498,120.3097746,31.57539553,1
1951,120.3212546,31.57561443,120.322529,31.57377791,1
1952,120.3166488,31.58104166,120.3212546,31.57561443,1
1953,120.2940753,31.59661212,120.3166488,31.58104166,1
1955,120.3154337,31.55154278,120.3110392,31.5561629,1
1956,120.322529,31.57377791,120.3270841,31.56706418,1
1957,120.3007251,31.59542192,120.3031421,31.59972581,1
1958,120.324945,31.554656,120.324929,31.554706,1
1959,120.324864,31.554591,120.324936,31.554633,1
1961,120.2991027,31.57970281,120.295331,31.57934924,1
1962,120.307043,31.565787,120.30733,31.565985,1
1963,120.305241,31.56512082,120.3070117,31.56569917,1
1966,120.315515,31.551484,120.31545,31.55154,1
1967,120.299962,31.537766,120.299517,31.538213,1
1969,120.320544,31.56686,120.320492,31.566904,1
1970,120.3078911,31.54558792,120.299461,31.5383235,1
1971,120.311981,31.548813,120.315396,31.55141,1
1972,120.282559,31.58027,120.28249,31.580202,1
1973,120.286961,31.582069,120.282734,31.580341,1
1974,120.320846,31.566569,120.320594,31.566819,1
1975,120.324913,31.554725,120.324842,31.554681,1
1976,120.3248993,31.55468293,120.3243269,31.55720225,1
1977,120.3248561,31.55448303,120.3267405,31.54924575,1
1978,120.3154972,31.55148619,120.3248561,31.55448303,1
1979,120.324834,31.554652,120.324843,31.554596,1
1980,120.28244,31.580132,120.286351,31.562769,1
1981,120.3086794,31.54617571,120.3119439,31.54872085,1
1982,120.283276,31.576965,120.277952,31.580528,1
1983,120.308068,31.545653,120.308661,31.546115,1
1985,120.307636,31.566504,120.308908,31.572299,1
1987,120.322789,31.563517,120.3232,31.563758,1
1989,120.31543,31.55143,120.315509,31.551467,1
1990,120.305153,31.565124,120.305189,31.565133,1
1992,120.292156,31.585938,120.298532,31.59254,1
1993,120.317596,31.572138,120.317417,31.572833,1
1994,120.320437,31.566958,120.317631,31.572001,1
1995,120.277945,31.58057159,120.2760219,31.58367543,1
1996,120.317459,31.572897,120.322856,31.575012,1
2002,120.3169252,31.58383389,120.3147671,31.58860801,1
2003,120.317024,31.583741,120.31696,31.583767,1
2008,120.317077,31.583775,120.329621,31.586708,1
2011,120.3149739,31.58978903,120.3239776,31.59912252,1
2013,120.3357263,31.57190428,120.3274727,31.56604845,1
2014,120.3244351,31.56423017,120.3275442,31.56594478,1
2015,120.324737,31.564378,120.32486,31.564398,1
2016,120.322297,31.564382,120.320937,31.566473,1
2017,120.320868,31.566376,120.322075,31.564539,1
2018,120.336655,31.572509,120.335654,31.571796,1
2022,120.344163,31.571683,120.343691,31.571994,1
2023,120.330088,31.551088,120.32864,31.549849,1
2024,120.333712,31.55371443,120.3299621,31.55093533,1
2025,120.330391,31.550928,120.333853,31.55366,1
2028,120.285273,31.563952,120.284416,31.564809,1
2029,120.28064,31.590587,120.278139,31.588179,1
2029,120.278278,31.588093,120.28094,31.590679,1
2031,120.284966,31.559235,120.285619,31.561601,1
2031,120.285544,31.561729,120.284806,31.559248,1
2032,120.288247,31.564345,120.289067,31.565783,1
2032,120.288974,31.565856,120.288116,31.564374,1
28001,120.299216,31.579615,120.300361,31.579784,1
28001,120.30035,31.579891,120.299223,31.57972,1
28002,120.300451,31.579801,120.301745,31.58007,1
28002,120.301706,31.580155,120.300448,31.579906,1
28003,120.301864,31.580099,120.302691,31.580307,1
28003,120.302683,31.580392,120.301832,31.580188,1
28004,120.302819,31.580341,120.304158,31.58084,1
28004,120.30404,31.580892,120.302798,31.580417,1
1909001,120.294301,31.576977,120.295256,31.579125,1
1909002,120.294092,31.575286,120.294269,31.57684,1
1909003,120.293857,31.574206,120.29405,31.575042,1
1909004,120.293819,31.573648,120.293854,31.574144,1
1909005,120.295053,31.56996,120.293679,31.572818,1
1960001,120.296561,31.581933,120.297685,31.58282,1
1960002,120.295898,31.580626,120.296448,31.581798,1
1960003,120.295411,31.57947,120.295867,31.580535,1
