OBJECTID,highway,lat,lon,osmid
1, ,31.5885914,120.2988253,313736000
2, ,31.5928548,120.2924345,313736002
3, ,31.5896944,120.2968899,313736004
4, ,31.5809854,120.2863562,313736019
5, ,31.5429805,120.2656142,313736073
6, ,31.54344,120.2793812,313736076
7, ,31.5470452,120.2925152,313736081
8, ,31.5662514,120.3197217,313736097
9, ,31.5667673,120.3231864,313736102
10, ,31.5867098,120.3031459,313736149
11, ,31.5828291,120.2995291,313736389
12, ,31.5804032,120.3037599,506565871
13, ,31.5770613,120.2893326,506565876
14, ,31.5547083,120.3018459,544367022
15, ,31.5729648,120.2979018,544367024
16, ,31.5680527,120.3028344,544367025
17, ,31.5743128,120.3042033,544367031
18, ,31.5735697,120.2997173,544367033
19, ,31.5760901,120.3048391,544367035
20, ,31.5760179,120.3019744,544367037
21, ,31.5759336,120.2977845,544367039
22, ,31.6066748,120.2896861,606775659
23, ,31.5987345,120.2834467,606775671
24, ,31.5679482,120.2975616,606778663
25, ,31.5723361,120.3036166,606778723
26, ,31.5772586,120.286705,606790266
27, ,31.5790773,120.275012,606790312
28, ,31.5679093,120.2632697,606790327
29, ,31.5611736,120.265034,606790332
30, ,31.5819184,120.3018106,606791949
31, ,31.5777896,120.3246319,606794887
32, ,31.5748394,120.3126484,606794905
33, ,31.5756347,120.2954534,606798516
34, ,31.5777006,120.2951987,606798520
35, ,31.5678842,120.2771082,606816579
36, ,31.5587685,120.2857011,606816631
37, ,31.5753656,120.294595,606939896
38, ,31.5750027,120.2916864,606939898
39, ,31.5747366,120.2889729,606939899
40, ,31.5721713,120.2921816,606939922
41, ,31.5705207,120.292492,606939923
42, ,31.5657846,120.2904065,606939971
43, ,31.5660353,120.2845231,606939973
44, ,31.5678027,120.2788458,606940258
45, ,31.5820925,120.2779909,606940264
46, ,31.5815512,120.2945236,606940568
47, ,31.5860507,120.2972745,606940767
48, ,31.5846907,120.2958765,606940770
49, ,31.5840211,120.3008649,606940788
50, ,31.5821978,120.2977435,606940833
51, ,31.5812278,120.2906112,606940835
52, ,31.5700016,120.3008637,606940988
53, ,31.5653515,120.2965787,606941552
54, ,31.5655594,120.304906,606942048
55, ,31.56322,120.2832542,606942173
56, ,31.5586092,120.2879177,606942175
57, ,31.5514558,120.2951003,606942176
58, ,31.55257,120.2965611,606942462
59, ,31.563322,120.3185377,606942571
60, ,31.5635962,120.325494,606942573
61, ,31.5610958,120.3390845,606943114
62, ,31.5696756,120.303232,606944721
63, ,31.572101,120.3013866,606944876
64, ,31.5736845,120.3003884,606944877
65, ,31.575147,120.2994122,606944878
66, ,31.5759497,120.2991433,606944879
67, ,31.5786888,120.2987367,606944882
68, ,31.5743796,120.2881305,606945388
69, ,31.5828525,120.2767485,606947023
70, ,31.5602592,120.2902014,606948595
71, ,31.5672558,120.2738805,606948823
72, ,31.5645146,120.2764579,606948824
73, ,31.5624484,120.2720924,610310958
74, ,31.5572412,120.2719225,610310962
75, ,31.5888458,120.2843264,610907171
76, ,31.5880288,120.2875666,610907172
77, ,31.586189,120.2901078,610907174
78, ,31.6079189,120.309976,610907181
79, ,31.597381,120.2960054,610907331
80, ,31.5653871,120.263985,614952367
81,traffic_signals,31.5238845,120.2669859,614952841
82, ,31.5268033,120.2817685,614952852
83, ,31.5274237,120.2925996,614952877
84, ,31.5404503,120.3104332,614952897
85, ,31.5240943,120.2954682,614952946
86, ,31.5583979,120.3512347,614953794
87, ,31.5593734,120.3296837,621564164
88, ,31.5717835,120.2904282,740423830
89, ,31.5670844,120.3238586,740423845
90, ,31.5635641,120.3264433,740423857
91, ,31.5631764,120.3380586,740423867
92, ,31.5494213,120.3222461,740423917
93, ,31.5436926,120.3146766,740423928
94, ,31.5597315,120.2986348,740423938
95, ,31.5900482,120.3316727,740424076
96, ,31.5911198,120.3099176,740424493
97, ,31.5901964,120.3243504,740424498
98, ,31.5899554,120.3283796,740424500
99, ,31.5855135,120.3123107,740424834
100, ,31.56869,120.3217662,740424968
101, ,31.5988838,120.2903209,842983399
102, ,31.5979925,120.290149,842983431
103, ,31.5986794,120.2894431,842983435
104, ,31.5902761,120.2960032,842983438
105, ,31.539636,120.3093066,854347852
106, ,31.5364133,120.3050587,854347857
107, ,31.5715383,120.3286187,854443870
108, ,31.5428332,120.2656259,854443883
109, ,31.5432971,120.2793796,854443905
110, ,31.5694453,120.3246635,854443919
111, ,31.557986,120.3063407,854443920
112, ,31.5545317,120.3019879,854443924
113, ,31.5669827,120.3202561,854443936
114, ,31.5846487,120.3136366,966023588
115, ,31.579848,120.3271106,966023603
116, ,31.5851015,120.3255157,966023637
117, ,31.6061597,120.3099074,966023680
118, ,31.5846771,120.3200509,966023856
119, ,31.6135947,120.2796712,1221684136
120, ,31.5939459,120.3018986,1239252364
121, ,31.533809,120.2662437,1441322941
122, ,31.5348736,120.2695751,1441322942
123, ,31.5392691,120.2701976,1441349799
124, ,31.5397705,120.2791437,1441349800
125, ,31.5355166,120.2709907,1441349804
126, ,31.5555836,120.2857336,1441349817
127, ,31.5554584,120.2910866,1599270923
128, ,31.5581299,120.3061932,1599270925
129, ,31.5603021,120.293719,1599270932
130, ,31.5615106,120.3029434,1599270950
131, ,31.5614614,120.2972831,1599270951
132, ,31.5656827,120.316918,1599270965
133, ,31.5687993,120.3030794,1599270980
134, ,31.5742265,120.3320259,1610049881
135, ,31.5744612,120.3367861,1610049897
136, ,31.5736043,120.3386062,1610049966
137, ,31.5757586,120.3344071,1610049974
138, ,31.5771879,120.3366401,1610050084
139, ,31.5848755,120.2844578,1610220126
140, ,31.5212871,120.2676336,1610827835
141, ,31.5307199,120.2777914,1610828028
142, ,31.5315234,120.282262,1610828039
143, ,31.5348939,120.2688711,1610828097
144, ,31.5351887,120.2772243,1610828102
145, ,31.5377852,120.3210246,1610828108
146, ,31.5389219,120.2959349,1610828203
147, ,31.5399922,120.2862706,1610828219
148, ,31.5401037,120.2919204,1610828227
149, ,31.5822566,120.3090882,1610828581
150, ,31.5815613,120.3457415,1619079041
151, ,31.5829857,120.3121138,1683052362
152, ,31.57717,120.3187152,1683052380
153, ,31.5762958,120.319257,1683052383
154, ,31.5775345,120.3167229,1683052384
155, ,31.5846373,120.3099112,1683052387
156, ,31.5863301,120.3111845,1683052391
157, ,31.5785923,120.3159855,1683052414
158, ,31.577406,120.3192514,1683052422
159, ,31.5756858,120.3179886,1683052423
160, ,31.580875,120.3181817,1683052425
161, ,31.5844898,120.3171448,1683052430
162, ,31.588144,120.315985,1683052432
163, ,31.5651114,120.3180874,1684397060
164, ,31.5822898,120.3093941,1684397092
165, ,31.5653046,120.3180046,1684397104
166, ,31.5547235,120.2993043,1684446207
167, ,31.5473856,120.3032621,1684446220
168, ,31.549505,120.299915,1684446237
169, ,31.5482331,120.2983114,1684446252
170, ,31.554106,120.2924754,1684446254
171, ,31.5532084,120.3045414,1684446256
172, ,31.5481174,120.3040426,1684446261
173, ,31.5495532,120.3025116,1684446266
174, ,31.5583423,120.2996722,1684446272
175, ,31.5543472,120.2958846,1684446273
176, ,31.5670985,120.3005305,1684446282
177, ,31.5541356,120.2952896,1684446288
178, ,31.5521061,120.305731,1684446290
179, ,31.5427188,120.2975317,1684446293
180, ,31.5484119,120.3010884,1684446298
181, ,31.5562043,120.3012515,1684446300
182, ,31.5477014,120.3035732,1684446308
183, ,31.5506884,120.3072433,1684446324
184, ,31.5471222,120.2994901,1684446326
185, ,31.5527904,120.2937857,1684446330
186, ,31.540075,120.2948316,1684446338
187, ,31.5636986,120.3014645,1684446343
188, ,31.5539041,120.294451,1684446375
189, ,31.5885206,120.3198245,1692646996
190, ,31.5904393,120.3200936,1692647203
191, ,31.592224,120.2934167,1694826324
192, ,31.5902411,120.2899444,1694826362
193, ,31.5958697,120.2805992,1694843925
194, ,31.5916357,120.2869905,1694843931
195, ,31.5927712,120.2852152,1694843937
196, ,31.5977543,120.2704671,1694843942
197, ,31.5983715,120.278149,1694843944
198, ,31.5913865,120.2706546,1694843951
199, ,31.5925711,120.2782687,1694843952
200, ,31.5867599,120.2699302,1694843953
202, ,31.5720818,120.3409859,1750438215
203, ,31.5732111,120.3308361,1750438226
204, ,31.5734898,120.3309946,1750438227
205, ,31.5739623,120.3381007,1750438347
206, ,31.5761414,120.3350011,1750438364
207, ,31.5771466,120.3316661,1750438397
208, ,31.5771977,120.3313084,1750438407
209, ,31.5806993,120.3269163,1750438453
210, ,31.584089,120.3261332,1750438483
211, ,31.5959813,120.3218484,1750438517
212, ,31.6051595,120.3165311,1750438571
213, ,31.6052339,120.316115,1750438572
214, ,31.5908167,120.3240859,1750441777
216, ,31.6075501,120.2934503,1750910157
217, ,31.6076371,120.2936545,1750910160
218, ,31.6096664,120.2914354,1750910176
219, ,31.6100522,120.291644,1750910179
220, ,31.6106233,120.2911751,1750910192
221, ,31.6117661,120.2892887,1750910226
222, ,31.6118538,120.2885521,1750910227
223, ,31.6142685,120.2764174,1750910248
224, ,31.6143586,120.2763445,1750910258
225, ,31.6056817,120.3090145,1750915920
226, ,31.6061698,120.304787,1750915937
227, ,31.6062493,120.3097916,1750915940
228, ,31.606287,120.3057079,1750915942
229, ,31.6122064,120.2868091,1750920514
230, ,31.6124247,120.2864433,1750920523
231, ,31.6124787,120.287526,1750920527
232, ,31.613197,120.2824933,1750920558
233, ,31.6132452,120.2851857,1750920561
234, ,31.6134795,120.2840188,1750920571
235, ,31.6136756,120.2796944,1750927215
236, ,31.6141127,120.2793522,1750927240
237, ,31.614148,120.2807619,1750927242
238, ,31.6144291,120.2794541,1750927271
239, ,31.6146889,120.2800736,1750927313
240, ,31.6147852,120.2804064,1750927316
241, ,31.5556614,120.2654609,1762307915
242, ,31.5556692,120.2652272,1762307916
243, ,31.5573601,120.2655634,1762307921
244, ,31.5573689,120.2653449,1762307922
245, ,31.5698185,120.2622624,1762307981
246, ,31.5701446,120.2620619,1762307982
247, ,31.5863616,120.2582317,1762308025
248, ,31.5866472,120.2579979,1762308034
249, ,31.587458,120.2589822,1762308060
250, ,31.5972715,120.2698848,1762308149
251, ,31.5976591,120.2705777,1762308150
252, ,31.600574,120.2742168,1762308161
253, ,31.6008074,120.2740444,1762308163
254, ,31.6068994,120.2793272,1762308203
255, ,31.6075356,120.2793266,1762308207
256, ,31.6094537,120.2797461,1762308212
257, ,31.6094494,120.2795597,1762308213
258, ,31.6099308,120.2794868,1762308215
259, ,31.6133976,120.2798938,1762308275
260,traffic_signals,31.6139442,120.2800505,1762308285
261,traffic_signals,31.6140143,120.2798051,1762308286
262,traffic_signals,31.6142874,120.2801693,1762308292
263,traffic_signals,31.6143331,120.2799117,1762308297
264, ,31.5633887,120.3438192,1762323816
265, ,31.5644766,120.3468401,1762323818
266, ,31.5729029,120.3404083,1762323882
267, ,31.576114,120.3340796,1762323971
268, ,31.5608179,120.349474,1763557821
269, ,31.5683398,120.3436617,1763558025
270, ,31.5691796,120.3432133,1763558032
271, ,31.5704635,120.3420524,1763558039
272, ,31.5708441,120.3416132,1763558048
273, ,31.5708746,120.3419351,1763558050
274, ,31.5255887,120.2875132,1765778656
275, ,31.5258783,120.2888038,1765778668
276, ,31.5308553,120.2972424,1765778718
277, ,31.5308977,120.2974426,1765778719
278, ,31.5359563,120.304559,1765778758
279, ,31.5361929,120.3043678,1765778792
280, ,31.5362926,120.3049679,1765778798
281, ,31.5365011,120.3047938,1765778809
282, ,31.5365429,120.3049166,1765778818
283, ,31.5397641,120.3091779,1765778880
284, ,31.5406377,120.3102637,1765778927
285, ,31.5409542,120.3111145,1765778957
286, ,31.5411386,120.3108774,1765778969
287, ,31.5430723,120.3138848,1765778988
288, ,31.5470439,120.3191302,1765779033
289, ,31.5471968,120.3188549,1765779041
290, ,31.5478336,120.3199796,1765779051
291, ,31.5479062,120.3198932,1765779054
292,crossing,31.5504625,120.3231132,1765779110
293, ,31.5541391,120.3273302,1765779143
294, ,31.5545537,120.3276909,1765779147
295, ,31.5561795,120.3299841,1765779192
296, ,31.5576317,120.332156,1765779222
297, ,31.558845,120.3348244,1765779229
298, ,31.5592497,120.3354217,1765779233
299, ,31.5605612,120.3379288,1765779240
300, ,31.562158,120.3414641,1765779245
301, ,31.562785,120.3428623,1765779246
302, ,31.5664164,120.3505495,1765779257
303, ,31.5256602,120.2885495,1765782309
304, ,31.5260806,120.2894372,1765782327
305, ,31.5269279,120.2917738,1765782345
306, ,31.5269178,120.2821674,1765786554
307, ,31.5270304,120.2779566,1765786576
308, ,31.5270881,120.2808873,1765786598
309, ,31.5271038,120.2818975,1765786604
310, ,31.5272334,120.2791514,1765786635
311, ,31.527363,120.2805605,1765786670
312, ,31.5273733,120.2798261,1765786672
313, ,31.5213244,120.2677465,1766385558
314, ,31.52229,120.2672141,1766385563
315, ,31.522861,120.2674504,1766385576
316, ,31.5238916,120.2658673,1766385630
317,traffic_signals,31.5238918,120.2673651,1766385632
318, ,31.523987,120.2690652,1766385651
319,traffic_signals,31.5240393,120.266975,1766385680
320, ,31.5240449,120.2657332,1766385681
321,traffic_signals,31.5240674,120.2673539,1766385682
322, ,31.5242727,120.269013,1766385807
323, ,31.5244562,120.2726961,1766385916
324, ,31.5247406,120.2725974,1766386006
325, ,31.5247818,120.2734586,1766386043
326, ,31.5248894,120.2734079,1766386061
327, ,31.5250836,120.2668256,1766386091
328, ,31.5252291,120.2673645,1766386114
329, ,31.5291028,120.2666981,1766386205
330, ,31.5291154,120.2669233,1766386207
331, ,31.5294923,120.2665401,1766386217
332, ,31.529503,120.2670418,1766386246
333, ,31.5297954,120.2636,1766386406
334, ,31.5298818,120.2665157,1766386465
335, ,31.5298882,120.2670093,1766386479
336, ,31.5299287,120.2701509,1766386495
337, ,31.5310321,120.2664379,1766386550
338, ,31.5310689,120.2669352,1766386552
339, ,31.5314055,120.2667791,1766386554
340, ,31.5314158,120.2665544,1766386556
341, ,31.5336645,120.2666172,1766386572
342, ,31.5339048,120.2663715,1766386576
343, ,31.5340225,120.2667186,1766386578
344, ,31.5366105,120.2660462,1766386590
345, ,31.5371404,120.2661716,1766386612
346, ,31.547277,120.2654277,1768924000
347, ,31.5686101,120.2976382,1772577567
348, ,31.5528232,120.3097917,1772577568
349, ,31.5827489,120.2942299,1772577572
350, ,31.5613494,120.3092954,1772577584
351, ,31.5838214,120.2918079,1772577588
352, ,31.5641159,120.3063357,1772577598
353, ,31.5721073,120.2916319,1913213687
354, ,31.5733703,120.2888508,1913213691
355, ,31.5769852,120.2913835,1913213695
356, ,31.5770483,120.2884908,1913213697
357, ,31.5683409,120.315308,1982082992
358, ,31.568418,120.3152322,1982082995
359, ,31.5686384,120.3158773,1982082997
360, ,31.5687137,120.3157936,1982082998
361, ,31.5691779,120.3165331,1982083001
362, ,31.5690949,120.3165655,1982083002
363, ,31.5699191,120.3175879,1982083010
364, ,31.5717109,120.3284373,1982083071
365, ,31.5742256,120.325506,1982083119
366, ,31.5743305,120.3254279,1982083122
367, ,31.5756009,120.3347796,1982083146
368, ,31.5765673,120.3328331,1982083195
369, ,31.5767533,120.3327883,1982083222
370, ,31.5775192,120.3306551,1982083268
371, ,31.5775569,120.3305798,1982083273
372, ,31.5779176,120.3307203,1982083315
373, ,31.578072,120.3380627,1982083338
374, ,31.5780777,120.3389248,1982083349
375, ,31.5801261,120.3275089,1982083492
376, ,31.5803736,120.3268731,1982083513
377, ,31.5840155,120.3257015,1982083624
378, ,31.5851383,120.3260041,1982083670
379, ,31.5777539,120.3406074,1983463785
380, ,31.5428287,120.2659157,2056663867
381, ,31.5429824,120.265894,2056663874
382, ,31.5508455,120.2655618,2056664164
383, ,31.5508481,120.2652924,2056664167
384, ,31.5867334,120.3030015,2073509914
385, ,31.5897798,120.3038852,2073509953
386, ,31.589879,120.3037791,2073509959
387, ,31.5900621,120.3244218,2073509991
388, ,31.5909727,120.3099235,2073510027
389, ,31.5925871,120.3046358,2073510130
390, ,31.5926793,120.3043259,2073510142
391, ,31.5946399,120.2947795,2073510217
392, ,31.5951825,120.2938787,2073510275
393, ,31.596526,120.305235,2073510408
394, ,31.5965467,120.2955225,2073510422
395, ,31.5966464,120.3053616,2073510437
396, ,31.5972637,120.2959312,2073510504
397, ,31.5988325,120.3148384,2073510594
398, ,31.5985839,120.2895443,2073510603
399, ,31.5997564,120.2883423,2073510720
400, ,31.6001444,120.2975971,2073510740
401, ,31.6016735,120.2984151,2073510789
402, ,31.6062222,120.309386,2073510984
403, ,31.6079699,120.309852,2073511045
404, ,31.577268,120.306455,2299960357
405, ,31.5758883,120.306586,2299960359
406, ,31.577986,120.306286,2299960368
407, ,31.5776931,120.3063428,2299960370
408, ,31.570491,120.3062127,2299963114
409, ,31.5673312,120.3057646,2299963115
410, ,31.5705286,120.3033605,2299973282
411, ,31.573378,120.2787843,2300004620
412, ,31.5739127,120.2804016,2300004623
413, ,31.5722925,120.2775022,2300004626
414, ,31.5748857,120.2804988,2300004643
415, ,31.5684763,120.280321,2300008495
416, ,31.5692854,120.2819702,2300008501
417, ,31.5744108,120.2755059,2300008505
418, ,31.5865602,120.2912485,2300043576
419, ,31.5880415,120.2910535,2300046696
420, ,31.5894759,120.2907061,2300046697
421, ,31.5869806,120.2910232,2300046698
422, ,31.5658279,120.3079388,2300376163
423, ,31.5653301,120.3084878,2300376164
424, ,31.5788071,120.2884867,2300381106
425, ,31.541655,120.3022958,2300649753
426, ,31.549633,120.2946845,2300649757
427, ,31.5451502,120.2990719,2300649758
428, ,31.5370296,120.3068764,2300649766
429, ,31.5380245,120.3058894,2300649772
430, ,31.58987,120.273397,2300965078
431, ,31.5840022,120.2828065,2300974168
432, ,31.587814,120.2780423,2300975286
433, ,31.5877453,120.2779857,2300975720
434, ,31.5900269,120.2735943,2300982514
435, ,31.5937655,120.2663948,2301004250
436, ,31.5938893,120.2661362,2301004267
437, ,31.5904371,120.2631283,2301005010
438, ,31.5905835,120.2628331,2301005011
439, ,31.5824644,120.2732473,2301014007
440, ,31.5945483,120.2779539,2301024307
441, ,31.5927091,120.275907,2301024314
442, ,31.5865792,120.2907473,2301024321
443, ,31.5935573,120.2769078,2301024327
444, ,31.5866731,120.2864944,2301025577
445, ,31.5868511,120.2861922,2301025580
446, ,31.5886153,120.2881966,2301025581
447, ,31.5519683,120.2848062,2301131148
448, ,31.5393137,120.2662608,2301141053
449, ,31.5393182,120.2659101,2301141055
450, ,31.5685382,120.2814001,2301225251
451, ,31.5733252,120.3039372,2301244385
452, ,31.5725772,120.3011014,2301244387
453, ,31.5704665,120.3045124,2301244389
454, ,31.5726936,120.3037316,2301244391
455, ,31.5734029,120.3067531,2301244401
456, ,31.5806226,120.3065259,2301249616
457, ,31.5801014,120.3051458,2301249620
458, ,31.5783407,120.3048815,2301249622
459, ,31.5751674,120.304517,2301249623
460, ,31.5812943,120.3061652,2301249625
461, ,31.5748681,120.3064504,2301249630
462, ,31.5786914,120.3059994,2301249635
463, ,31.5822188,120.3052014,2301259365
464, ,31.5825357,120.302532,2301259380
465, ,31.5617492,120.3073551,2301327797
466, ,31.5636354,120.305419,2301327799
467, ,31.5663968,120.2970028,2301327817
468, ,31.5615784,120.3071473,2301327819
469, ,31.5663661,120.3024206,2301327820
470, ,31.565965,120.3006353,2301327829
471, ,31.5595462,120.3046542,2301327833
472, ,31.5650641,120.3040739,2301327837
473, ,31.5668169,120.3035144,2301327842
474, ,31.5526146,120.2893761,2301368808
475, ,31.5527798,120.290185,2301368820
476, ,31.5536562,120.2903726,2301368836
477, ,31.5805965,120.2815975,2302169011
478, ,31.578038,120.2805831,2302169015
479, ,31.5820419,120.2841246,2302169024
480, ,31.5788271,120.2869414,2302169031
481, ,31.5825695,120.2792593,2302169032
482, ,31.5779669,120.2809741,2302169687
483, ,31.5700197,120.2866611,2302172965
484, ,31.5713913,120.2837127,2302172966
485, ,31.5700977,120.2868271,2302172967
486, ,31.5712667,120.2836328,2302172968
487, ,31.5705014,120.2854321,2302172970
488, ,31.5735194,120.2797449,2302173894
489, ,31.5709419,120.2785513,2302173898
490, ,31.5787785,120.2786205,2302177320
491, ,31.5785851,120.279129,2302177325
492, ,31.5797367,120.2768022,2302177331
493, ,31.5793356,120.2765902,2302177333
494, ,31.5706073,120.2855629,2302212550
495, ,31.5716894,120.287118,2302212551
496, ,31.5709756,120.2887929,2302212554
497, ,31.5684675,120.291084,2302213244
498, ,31.5675613,120.2811294,2302215681
499, ,31.5680695,120.2846396,2302215682
500, ,31.5604583,120.2801566,2302220387
501, ,31.5612104,120.2796563,2302220394
502, ,31.5613821,120.280252,2302220398
503, ,31.5678003,120.2844886,2302221689
504, ,31.5662282,120.2833488,2302224138
505, ,31.5646451,120.2818639,2302224142
506, ,31.5661607,120.2837449,2302224143
507, ,31.5644235,120.2821094,2302224148
508, ,31.5621432,120.282559,2302228983
509, ,31.56039,120.2803325,2302228984
510, ,31.5636498,120.2772883,2302230333
511, ,31.5509661,120.2795501,2302243853
512, ,31.5434352,120.2792361,2302243856
513, ,31.5432941,120.2792358,2302243860
514, ,31.5397481,120.2798153,2302243863
515, ,31.539758,120.2799989,2302243867
516, ,31.5509177,120.279328,2302243873
517, ,31.5407891,120.2793392,2302243875
518, ,31.5800612,120.3028821,2302255934
519, ,31.5760992,120.30322,2302256000
520, ,31.5733884,120.2988673,2302257651
521, ,31.5742368,120.2966261,2302257657
522, ,31.5721184,120.2962354,2302262892
523, ,31.5691772,120.3018508,2302262900
524, ,31.5782755,120.2973544,2302266414
525, ,31.5759395,120.2978505,2302266415
526, ,31.5791657,120.2949432,2302270772
527, ,31.5789164,120.2924533,2302270774
528, ,31.5789153,120.291144,2302270776
529, ,31.5788001,120.2895685,2302270783
530, ,31.5797922,120.294834,2302272248
531, ,31.5772001,120.2927792,2302272251
532, ,31.5789089,120.2922842,2302272252
533, ,31.5820399,120.2972038,2302275874
534, ,31.5840059,120.2971084,2302275878
535, ,31.546505,120.3178877,2302444001
536, ,31.5438796,120.320346,2302444012
537, ,31.5533694,120.3106828,2302444016
538, ,31.5516207,120.3125126,2302444018
539, ,31.5463128,120.3180813,2302444024
540, ,31.5438977,120.3145158,2302446629
541, ,31.5429924,120.315482,2302446630
542, ,31.5377387,120.3085762,2302507390
543, ,31.5655811,120.3048824,2303462487
544, ,31.5810932,120.2873414,2303801232
545, ,31.5744396,120.267513,2303825665
546, ,31.5727135,120.2597697,2303825678
547, ,31.56614,120.3075762,2305246945
548, ,31.5663269,120.3077149,2305246952
549, ,31.5871215,120.2999694,2305248923
550, ,31.5825341,120.3081105,2305248931
551, ,31.5908163,120.2963589,2305248957
552, ,31.5868724,120.3006839,2305248959
553, ,31.5881414,120.2974082,2305248976
554, ,31.5884731,120.298763,2305254894
555, ,31.5865925,120.3030131,2305254895
556, ,31.5857853,120.3020341,2305257319
557, ,31.5860714,120.302642,2305257330
558, ,31.5834602,120.298227,2305257984
559, ,31.582284,120.2981895,2305257986
560, ,31.5559128,120.2981024,2305269739
561, ,31.5545439,120.296268,2305271865
562, ,31.5606645,120.2947845,2305273599
563, ,31.5601579,120.2913008,2305278004
564, ,31.5602236,120.2906968,2305278010
565, ,31.5575279,120.2889468,2305278016
566, ,31.5663784,120.2801826,2305306724
567, ,31.5657445,120.2807914,2305306727
568, ,31.5798227,120.3041208,2305949751
569, ,31.5790517,120.304569,2305949754
570, ,31.5837169,120.2821611,2306102018
571, ,31.5420872,120.3043174,2308268602
572, ,31.5438343,120.3077946,2308268604
573, ,31.5463002,120.3119322,2308268606
574, ,31.5495252,120.308523,2308277548
575, ,31.5416867,120.3095642,2308277549
576, ,31.5475265,120.3106359,2308277551
577, ,31.5442752,120.3086799,2308277555
578, ,31.5488635,120.3092238,2308277557
579, ,31.5411449,120.3102061,2308277565
580, ,31.5402382,120.3059611,2308277572
581, ,31.5475375,120.3046129,2308277574
582, ,31.5526338,120.2966386,2308291108
583, ,31.5660914,120.31027,2308337111
584, ,31.6017186,120.2864926,2308993410
585, ,31.5974501,120.2852717,2308995248
586, ,31.5966025,120.2815464,2308995253
587, ,31.5953645,120.2812388,2308995255
588, ,31.5962096,120.2870814,2308995263
589, ,31.5950424,120.2818313,2308995269
590, ,31.5925573,120.2854767,2308995458
591, ,31.5940521,120.2837081,2308995463
592, ,31.5919923,120.2844604,2308995701
593, ,31.5899602,120.2826682,2308995703
594, ,31.5907587,120.2861999,2308996050
595, ,31.6008383,120.2806494,2308996205
596, ,31.578662,120.3060122,2309167290
597, ,31.5798884,120.3053664,2309167293
598, ,31.5804811,120.3061689,2309167319
599, ,31.5803125,120.3057283,2309167325
600, ,31.5708273,120.3023502,2309481823
601, ,31.5711093,120.299728,2309481829
602, ,31.5720933,120.2902011,2309487502
603, ,31.582561,120.2930884,2309492427
604, ,31.5495976,120.2854091,2310684920
605, ,31.5460951,120.2906725,2310684926
606, ,31.5482453,120.2960521,2310684934
607, ,31.5522303,120.2867387,2310684938
608, ,31.5479505,120.2858989,2310684953
609, ,31.5446434,120.285764,2310690818
610, ,31.5435138,120.2827546,2310690848
611, ,31.5450014,120.2887627,2310690849
612, ,31.545092,120.2886855,2310690850
613, ,31.5438357,120.2856304,2310690853
614, ,31.5435416,120.2856071,2310693140
615, ,31.5433956,120.2827547,2310693156
616, ,31.5427288,120.2856159,2310695982
617, ,31.532694,120.2889532,2310696279
618, ,31.5526699,120.2897309,2310701389
619, ,31.5523705,120.2917431,2310701391
620, ,31.5525525,120.2889774,2310701395
621, ,31.5448227,120.2857901,2310702752
622, ,31.5574727,120.2869313,2310704167
623, ,31.5561402,120.2881092,2310704715
624, ,31.5342999,120.266205,2313808636
625, ,31.5350272,120.2666449,2313808924
626, ,31.5363397,120.2665487,2313809294
627, ,31.5350451,120.2661471,2313810013
628, ,31.5433121,120.2969772,2313826378
629, ,31.5439831,120.3001078,2313826384
630, ,31.542199,120.2980601,2313826386
631, ,31.5341227,120.2884414,2313828220
632, ,31.5460308,120.2907605,2313828226
633, ,31.540092,120.2903067,2313828238
634, ,31.5310616,120.2973475,2313828251
635, ,31.5369306,120.2978987,2313830605
636, ,31.5332106,120.3016095,2313830607
637, ,31.5336041,120.3011559,2313833817
638, ,31.5334063,120.3013362,2313833819
639, ,31.5286224,120.298802,2313840162
640, ,31.5313419,120.3035214,2313840169
641, ,31.5308687,120.2974956,2313840170
642, ,31.5295699,120.2982712,2313840171
643, ,31.5315902,120.2985935,2313840177
644, ,31.560169,120.311083,2315598314
645, ,31.5649384,120.3078756,2315598362
646, ,31.5638388,120.3067582,2315599369
647, ,31.5606096,120.3081674,2315601182
648, ,31.5717331,120.2991049,2315603806
649, ,31.584874,120.3225603,2315619568
650, ,31.5784093,120.3255981,2315619985
651, ,31.5791577,120.3223503,2315619993
652, ,31.5790426,120.3210721,2315619996
653, ,31.5777596,120.3223438,2315620000
654, ,31.5788526,120.3187801,2315620002
655, ,31.5847548,120.3210149,2315621527
656, ,31.5826381,120.3258373,2315622090
657, ,31.5847269,120.3206692,2315622880
658, ,31.5763516,120.3163368,2315627996
659, ,31.575282,120.3143026,2315628013
660, ,31.5666486,120.3505637,2315634133
661, ,31.5682235,120.332361,2315637298
662, ,31.5593828,120.3285508,2315641482
663, ,31.5589177,120.3288859,2315643310
664, ,31.5600534,120.3281067,2315643311
665, ,31.5557644,120.3305591,2315643312
666, ,31.5418573,120.3430789,2318358606
669, ,31.5654543,120.264254,2326982160
670, ,31.5299137,120.2817021,2326987468
671, ,31.5272389,120.2813846,2326989889
672, ,31.5618919,120.2845536,2327075150
673, ,31.5642001,120.2806061,2327083440
674, ,31.5358464,120.2877952,2330160620
675, ,31.5391322,120.3195908,2330164818
676, ,31.5415775,120.3170044,2330164840
677, ,31.5418913,120.3123402,2330164847
678, ,31.5505944,120.3112203,2330168876
679, ,31.5500124,120.314211,2330168877
680, ,31.5485142,120.3157894,2330168878
681, ,31.5458513,120.3124068,2330168879
682, ,31.5490581,120.3129719,2330168880
683, ,31.5489801,120.3090993,2330168882
684, ,31.5474072,120.310762,2330168883
685, ,31.5668627,120.3005254,2345437665
686, ,31.5572199,120.2990268,2345439367
687, ,31.5629192,120.342821,2345462958
688, ,31.564868,120.3370722,2345466071
689, ,31.5653095,120.3251736,2345466100
690, ,31.5559732,120.3033625,2364333227
691, ,31.5549807,120.3026677,2364333229
692, ,31.555266,120.3023418,2364333231
693, ,31.549972,120.2966799,2364335155
694, ,31.5500576,120.296549,2364335156
695, ,31.5508724,120.2984268,2364335705
696, ,31.5514906,120.2977528,2364335714
697, ,31.5513037,120.2983209,2364344122
698, ,31.5513568,120.2981852,2364344140
699, ,31.5520946,120.2970779,2364347531
700, ,31.5475597,120.2933603,2364349956
701, ,31.54697,120.2926648,2364352937
702, ,31.5474769,120.2934894,2364352950
703, ,31.5467218,120.2975333,2364353637
704, ,31.5260683,120.290188,2365209000
705, ,31.5296985,120.2902607,2365211262
706, ,31.5284322,120.2812138,2365211266
707, ,31.5861504,120.289672,2365335588
708, ,31.5839429,120.2826679,2365336260
709, ,31.5657249,120.263893,2365344102
710, ,31.5737155,120.2763129,2365352955
711, ,31.5918828,120.3001318,2367056330
712, ,31.5861385,120.3114544,2367097329
713, ,31.5873409,120.3067202,2367101549
714, ,31.5875962,120.3105891,2367101554
715, ,31.5947664,120.3226643,2367105436
716, ,31.5963242,120.321939,2367105440
717, ,31.5962435,120.3216188,2367109672
718, ,31.5901674,120.3248346,2367109686
719, ,31.5824735,120.2911622,2383821899
720, ,31.5811042,120.2914274,2383821901
721, ,31.5823223,120.2917917,2383821903
722, ,31.583207,120.2942035,2383821907
723, ,31.5795016,120.2898221,2383822155
724, ,31.5829621,120.2864142,2383825836
725, ,31.5747395,120.2996485,2383827252
726, ,31.5752768,120.2939402,2384964934
727, ,31.5763136,120.2953694,2384964937
728, ,31.5490213,120.265345,2384967710
729, ,31.5516815,120.2831316,2384971930
730, ,31.5466978,120.3020615,2384973009
731, ,31.5458735,120.3008268,2384973012
732, ,31.5913248,120.270607,2392676457
733, ,31.6091177,120.2780896,2405098414
734, ,31.5985137,120.2878359,2405098418
735, ,31.5997654,120.2874451,2405098420
736, ,31.6032819,120.2774386,2405125018
737, ,31.6014093,120.274855,2405125028
738, ,31.6100407,120.2784307,2405125029
739, ,31.6076743,120.2807576,2405125045
740, ,31.6011934,120.275042,2405125049
741, ,31.6031475,120.2776338,2405125053
742, ,31.5944518,120.2898469,2405129486
743, ,31.5597917,120.3140205,2405139533
744, ,31.5615967,120.3121688,2405139536
745, ,31.561722,120.3120343,2405139537
746, ,31.5287696,120.2941229,2405811111
747, ,31.5282264,120.293754,2405811112
748, ,31.5612211,120.2653564,2409522606
749, ,31.5657937,120.264154,2409522613
750, ,31.5550963,120.3025361,2409555342
751, ,31.5569554,120.3050464,2409555351
752, ,31.5572062,120.3050567,2409555354
753, ,31.5597435,120.2800924,2409555371
754, ,31.5551569,120.3024662,2409555373
755, ,31.5377736,120.2970647,2409571170
756, ,31.5276133,120.2924239,2409619515
757, ,31.5399886,120.2861041,2409650399
758, ,31.532661,120.2887931,2409650409
759, ,31.5275293,120.2922927,2409650440
760, ,31.5273381,120.2924543,2409650446
761, ,31.5495719,120.2852646,2410509938
762, ,31.5885963,120.325324,2410521326
763, ,31.5884676,120.3234492,2410521330
764, ,31.5885745,120.3250073,2410521337
765, ,31.545607,120.3011206,2414086041
766, ,31.5464797,120.3022214,2414086042
767, ,31.5501272,120.3229184,2414103558
768, ,31.55952,120.3194932,2414103561
769, ,31.5503828,120.3230669,2414103565
770, ,31.5470699,120.2693455,2414152429
771, ,31.5460987,120.2793116,2414152435
772, ,31.5460853,120.2791631,2414152439
773, ,31.5480528,120.2665828,2414152449
774, ,31.5432364,120.2734412,2414155592
775, ,31.5511529,120.269879,2414155596
776, ,31.5465205,120.2750587,2414155597
777, ,31.5430819,120.2689355,2414155600
778, ,31.547083,120.2734142,2414155601
779, ,31.5509571,120.2733418,2414155616
780, ,31.5433517,120.3068341,2414155789
781, ,31.5454836,120.3064005,2414155791
782, ,31.5436207,120.3029413,2414155794
783, ,31.5712362,120.3020409,2425431059
784, ,31.5718507,120.3035225,2425431062
785, ,31.5998814,120.2819274,2425454354
786, ,31.6062968,120.2975275,2425547706
787, ,31.6066088,120.2988958,2425547713
788, ,31.6064498,120.3004136,2425547728
789, ,31.5535385,120.2651285,2426200453
790, ,31.5618755,120.326763,2428090229
791, ,31.5616588,120.3269227,2428090242
792, ,31.5608143,120.3191679,2428090244
793, ,31.5856275,120.3122293,2429835847
794, ,31.5849246,120.3117827,2429835853
795, ,31.5836098,120.3098569,2429836056
796, ,31.5826505,120.3112288,2429836058
797, ,31.5817962,120.3096926,2429836540
798, ,31.5814537,120.3083533,2429836542
799, ,31.5601249,120.2915672,2429840995
800, ,31.5469353,120.2793086,2429841403
801, ,31.5374018,120.2748674,2429845220
802, ,31.5383551,120.2767782,2429845224
803, ,31.5371645,120.2769084,2429845231
804, ,31.5393703,120.2788119,2429845233
805, ,31.539616,120.2766619,2429845235
806, ,31.5350464,120.2751357,2429845237
807, ,31.5397412,120.2786374,2429845238
808, ,31.5325581,120.2890003,2429847152
809, ,31.5313774,120.2822213,2429847157
810, ,31.5305856,120.2777993,2429847159
811, ,31.5325214,120.2888424,2429847161
812, ,31.5262227,120.2898738,2429850747
813, ,31.5294395,120.2894332,2429850752
814, ,31.5241255,120.2704501,2429857845
815, ,31.5244138,120.2704294,2429857853
816, ,31.5300152,120.2710117,2429857857
817, ,31.5855403,120.2713434,2433333058
818, ,31.5315521,120.282429,2436267799
819, ,31.5702616,120.318257,2447792619
820, ,31.5711075,120.31991,2447792621
821, ,31.5715485,120.3195837,2447792623
822, ,31.5698407,120.3176463,2447792629
823, ,31.5703537,120.3182187,2447793229
824, ,31.5759624,120.3193768,2447796858
825, ,31.5772999,120.3157014,2447798268
826, ,31.5764223,120.3122738,2447798273
827, ,31.5785709,120.3148716,2447799106
828, ,31.5737485,120.2919254,2447803435
829, ,31.5748928,120.2906227,2447803436
830, ,31.573625,120.2908073,2447803437
831, ,31.5736795,120.2829066,2447808893
832, ,31.57288,120.2845267,2447808905
833, ,31.5731633,120.2846899,2447808968
834, ,31.5748402,120.2882488,2447809117
835, ,31.574906,120.2857082,2447809124
836, ,31.5757903,120.286115,2447813782
837, ,31.5777681,120.282837,2447813791
838, ,31.5751057,120.2754976,2447814584
839, ,31.5783401,120.2797247,2447814589
840, ,31.5980209,120.2710774,2455096658
841, ,31.5981707,120.2708804,2455096663
842, ,31.5938931,120.3019758,2455127071
843, ,31.5938614,120.302025,2455127079
844, ,31.5994315,120.305699,2455132487
845, ,31.5987944,120.3055583,2455132491
846, ,31.5728713,120.2781162,2455159256
847, ,31.5728359,120.2770054,2455159258
848, ,31.5772046,120.3058755,2456890395
849, ,31.5899174,120.3316683,2456932140
850, ,31.5823515,120.2985465,2457708539
851, ,31.5587844,120.3000946,2460022247
852, ,31.5587935,120.2993384,2460022250
853, ,31.5575768,120.299232,2460022613
854, ,31.5577377,120.3001274,2460022614
855, ,31.5448973,120.26553,2461147821
856, ,31.5462735,120.2654818,2461154452
857, ,31.5368202,120.2737197,2461166768
858, ,31.5393887,120.2723266,2461166769
859, ,31.5348074,120.2712686,2461166770
860, ,31.5356577,120.2713014,2461166772
861, ,31.5417928,120.2792557,2461167006
862, ,31.5397475,120.2787463,2461167547
863, ,31.529803,120.2627969,2461173508
864, ,31.5660821,120.2674399,2461615490
865, ,31.5617858,120.2685462,2461615491
866, ,31.587537,120.2783055,2468508126
867, ,31.5877243,120.2783369,2468508128
868, ,31.5971715,120.2700286,2468510453
869, ,31.584311,120.2965403,2480797913
870, ,31.5817027,120.295768,2480797916
871, ,31.5570879,120.3103888,2480799472
872, ,31.5550197,120.3130582,2480799475
873, ,31.5573028,120.3125238,2480799479
874, ,31.5568047,120.3081557,2480799480
875, ,31.6021001,120.2860462,2497068255
876, ,31.6034112,120.2875994,2497068257
877, ,31.6016612,120.286544,2497068266
878, ,31.5997585,120.3160915,2501403009
879, ,31.6011225,120.3193129,2501404570
880, ,31.6010851,120.3192938,2501404571
881, ,31.6010404,120.3193458,2501404572
883, ,31.5913929,120.2745258,2506176046
884, ,31.5957578,120.268425,2506176053
885, ,31.5958538,120.2682183,2506176065
886, ,31.5683388,120.3245601,2513680700
887, ,31.5663821,120.3210393,2513680736
888, ,31.5693971,120.3240715,2513688686
889, ,31.5674066,120.3204826,2513688691
890, ,31.5711064,120.3280041,2513697754
891, ,31.5712123,120.3278747,2513697762
892, ,31.5688053,120.3249692,2513697766
893, ,31.5733019,120.3303332,2513703454
894, ,31.5824743,120.276577,2514821466
895, ,31.5828256,120.276835,2514821467
896, ,31.5796459,120.2752772,2514821491
897, ,31.5829492,120.2761249,2514821493
898, ,31.542124,120.3121762,2515882930
899, ,31.5448703,120.3098748,2515882932
900, ,31.5699945,120.2921887,2515936892
901, ,31.5886503,120.2603275,2521847953
902, ,31.5888172,120.260121,2521847959
903, ,31.5934208,120.2793493,2523798085
904, ,31.5943758,120.2831358,2523798206
905, ,31.5941501,120.2801306,2523798208
906, ,31.5800952,120.3106793,2523800242
907, ,31.5664209,120.310983,2523800248
908, ,31.5599785,120.3138287,2523802531
909, ,31.5657755,120.2862079,2523819275
910, ,31.5754359,120.3046094,2523854801
911, ,31.5740191,120.3024111,2523854803
912, ,31.5721083,120.2874315,2524226039
913, ,31.5903813,120.3100459,2524242433
914, ,31.5918295,120.3103068,2524248036
915, ,31.5910739,120.3107793,2524248099
916, ,31.5913072,120.3093189,2524248102
917, ,31.591581,120.3083952,2524254007
918, ,31.5925572,120.3107086,2524254030
919, ,31.5944559,120.3117335,2524262492
920, ,31.6004509,120.3061635,2524262512
921, ,31.5612101,120.2656406,2530357629
922, ,31.5610726,120.2650485,2530357640
923, ,31.5611207,120.2653725,2530357644
924, ,31.5856663,120.3313337,2530667762
925, ,31.5772832,120.3421359,2530697721
926, ,31.587089,120.3017952,2530789759
927, ,31.5889991,120.2981099,2530789764
928, ,31.5870905,120.2782044,2530802157
929, ,31.5795681,120.3056645,2530834299
930, ,31.5780379,120.3068195,2530835898
931, ,31.5779852,120.3072488,2530835902
932, ,31.5789393,120.3058831,2530843183
933, ,31.5783296,120.3061659,2530843187
934, ,31.5776676,120.306023,2530843201
935, ,31.5789196,120.3065554,2530843208
936, ,31.5776448,120.3057816,2530843211
937, ,31.5616916,120.3074337,2531706168
938, ,31.5632279,120.3057958,2534641370
939, ,31.558797,120.3301423,2534682543
940, ,31.5604015,120.3383925,2534684615
941, ,31.549436,120.3214683,2534690281
942, ,31.5513834,120.3240413,2534690282
943, ,31.5506015,120.3227983,2534690283
944, ,31.550451,120.3226374,2534690289
945, ,31.5716392,120.2878892,2556637588
946, ,31.5727111,120.2876952,2556637595
947, ,31.5711622,120.2886809,2556637596
948, ,31.5740345,120.293763,2567493461
949, ,31.5733234,120.2940786,2567493486
950, ,31.5719769,120.2943417,2567493490
951, ,31.5748244,120.2953925,2567497660
952, ,31.5737905,120.2919186,2567497671
953, ,31.5701382,120.3032917,2569150292
954, ,31.5808549,120.3050303,2569177584
955, ,31.5802035,120.3054274,2569177589
956, ,31.5816519,120.3454252,2664844357
957, ,31.5713143,120.3417363,2666938472
958, ,31.5758452,120.3251611,2668364683
959, ,31.5593856,120.335296,2681760157
960, ,31.5588705,120.3341721,2681760165
961, ,31.564751,120.3462873,2681760183
962, ,31.5587988,120.3338199,2681760191
963, ,31.5587288,120.3341521,2681815712
964, ,31.5627611,120.3429283,2681871234
965, ,31.5645463,120.346452,2681871235
966, ,31.5411034,120.3436492,2681970053
967, ,31.5584892,120.3514858,2681990304
968, ,31.5612197,120.2719944,2697548261
969, ,31.5630501,120.2743108,2697548267
970, ,31.5649407,120.2760481,2697548281
971, ,31.5648453,120.2769431,2697548293
972, ,31.5620674,120.272062,2697548299
973, ,31.5576364,120.2701985,2697548301
974, ,31.5613457,120.2707698,2697548310
975, ,31.5640754,120.2768796,2697548316
976, ,31.5618669,120.2689775,2697548336
977, ,31.5641454,120.2759667,2697548377
978, ,31.5637332,120.2903661,2697574034
979, ,31.5554809,120.2858268,2697574035
980, ,31.5656663,120.2888071,2697574059
981, ,31.5657861,120.2905844,2697574061
982, ,31.5602482,120.2903542,2697574063
983, ,31.5519882,120.2849534,2697574066
984, ,31.5683973,120.2912177,2697574074
985, ,31.5741922,120.303639,2708471016
986, ,31.5758496,120.2966272,2772826050
987, ,31.5751038,120.302894,2774328825
988, ,31.5741233,120.3030825,2774328826
989, ,31.5700146,120.307621,2774332541
990, ,31.5240947,120.2614451,2810535747
991, ,31.5242301,120.2614585,2810535748
992, ,31.5914313,120.2661296,2810538925
993, ,31.591765,120.2641674,2810538930
994, ,31.5916474,120.2644438,2810538932
995, ,31.5914474,120.2680847,2810538944
996, ,31.5756338,120.2915627,2857718713
997, ,31.5755626,120.2890978,2857718715
998, ,31.5748131,120.2898541,2857718717
999, ,31.5526336,120.3070295,2857750432
1000, ,31.5574941,120.3068976,2857750436
1001, ,31.5518839,120.3059728,2857750439
1002, ,31.5537193,120.3069003,2857751501
1003, ,31.5541182,120.3099527,2857751505
1004, ,31.5485144,120.3095912,2857756851
1005, ,31.5635915,120.264475,2857762578
1006, ,31.5678265,120.2631441,2857765985
1007, ,31.5684279,120.262722,2857765998
1008, ,31.5758138,120.2755542,2857769962
1009, ,31.578924,120.2777448,2857769974
1010, ,31.5824122,120.2787976,2857775757
1011, ,31.5751206,120.2957252,2857793019
1012, ,31.5734197,120.2940367,2857794582
1013, ,31.5726572,120.2921027,2857796473
1014, ,31.5537647,120.3117283,2857806186
1015, ,31.555911,120.3146897,2857806189
1016, ,31.5540593,120.3132978,2857806192
1017, ,31.5589918,120.309407,2857811004
1018, ,31.5595427,120.3084471,2857811010
1019, ,31.5566002,120.300963,2863434095
1020, ,31.5631293,120.314395,2863441499
1021, ,31.5658827,120.3135421,2863441500
1022, ,31.5611153,120.2975536,2864456731
1023, ,31.5616841,120.2977085,2864456738
1024, ,31.5613016,120.2968243,2864456741
1025, ,31.5619951,120.2968995,2864456744
1026, ,31.5686559,120.3022663,2864467179
1027, ,31.6058029,120.2891693,2864488288
1028, ,31.6068889,120.2864952,2864488290
1029, ,31.602211,120.2987304,2864488291
1030, ,31.6083769,120.2828052,2864488297
1031, ,31.6042842,120.2929006,2864488299
1032, ,31.602185,120.2988069,2864488300
1033, ,31.589648,120.266106,2869985701
1034, ,31.5866015,120.2627872,2869985704
1035, ,31.5891064,120.2658432,2869985705
1036, ,31.5893128,120.2680824,2869994316
1037, ,31.5878778,120.2712313,2869994322
1038, ,31.5454045,120.3168952,2872823646
1039, ,31.6025412,120.2817026,2877216658
1040, ,31.6043321,120.2781323,2877216663
1041, ,31.6040606,120.2824285,2877216664
1042, ,31.6042506,120.2783289,2877216674
1043, ,31.6004464,120.2742809,2877226447
1044, ,31.6011022,120.2751279,2877226453
1045, ,31.5989838,120.2721548,2877226456
1046, ,31.5970492,120.2765768,2877226460
1047, ,31.617785,120.2829432,2913947812
1048, ,31.6145992,120.2772913,2913947814
1049, ,31.6175321,120.2828766,2913949227
1050, ,31.5862394,120.2705637,2927024643
1051, ,31.5871793,120.2704203,2927024647
1052, ,31.6064521,120.3105014,2933864703
1053, ,31.6064453,120.3120912,2933864704
1054, ,31.6064407,120.3109999,2933864707
1055, ,31.6088304,120.2919904,2933909667
1056, ,31.6088306,120.2909467,2933909681
1057, ,31.6066839,120.2983643,2933916713
1058, ,31.6067591,120.2977095,2933916722
1059, ,31.5748174,120.2959842,2990493594
1060, ,31.5306718,120.3041712,2999419707
1061, ,31.5350783,120.2997102,3003962350
1062, ,31.5735448,120.2995691,3017317253
1063, ,31.5710169,120.297099,3017321312
1064, ,31.5720674,120.2987709,3017321314
1065, ,31.5711799,120.2968881,3017321315
1066, ,31.5716896,120.3064588,3021523179
1067, ,31.573884,120.3128983,3021558227
1068, ,31.5719617,120.307981,3021558557
1069, ,31.5720553,120.3096695,3021558586
1070, ,31.582052,120.2733907,3021883051
1071, ,31.5826883,120.2744162,3022066969
1072, ,31.5651553,120.2796689,3022232872
1073, ,31.5667712,120.2711781,3022232875
1074, ,31.5708172,120.3077482,3022538803
1075, ,31.565857,120.312924,3022538812
1076, ,31.574439,120.2673595,3022627479
1077, ,31.5756218,120.2694587,3022627487
1078, ,31.5743158,120.2739688,3025097394
1079, ,31.5668896,120.2718337,3025097417
1080, ,31.5576487,120.2799195,3025097419
1081, ,31.5612797,120.2904364,3025121194
1082, ,31.5829441,120.3413472,3025121214
1083, ,31.5843355,120.3358942,3025127237
1084, ,31.5311648,120.2802459,3025482674
1085, ,31.5591454,120.2873645,3025506784
1086, ,31.5963718,120.292133,3025506822
1087, ,31.5976155,120.290578,3025506829
1088, ,31.6037341,120.2942973,3025507442
1089, ,31.6064078,120.2876868,3025507443
1090, ,31.6079752,120.290442,3025507448
1091, ,31.5856665,120.3168727,3025517787
1092, ,31.6054644,120.2900009,3025519851
1093, ,31.6048982,120.2913921,3025519860
1094, ,31.5861491,120.28914,3025519881
1095, ,31.5317187,120.2842246,3026640268
1096, ,31.5283759,120.2840903,3026640300
1097, ,31.5283576,120.2837443,3026640322
1098, ,31.5723588,120.2842417,3027736240
1099, ,31.5692444,120.2776648,3027736271
1100, ,31.5711383,120.2763836,3027736275
1101, ,31.6046726,120.2835797,3028847707
1102, ,31.6075187,120.2849217,3028847714
1103, ,31.6075911,120.2847415,3028847715
1104, ,31.6080753,120.2835163,3028872212
1105, ,31.6095547,120.2833734,3028872217
1106, ,31.5761749,120.3078066,3030259804
1107, ,31.5769241,120.3121612,3030259822
1108, ,31.5699497,120.3217229,3030268433
1109, ,31.5280196,120.2920528,3040567342
1110, ,31.5279233,120.2928985,3040567343
1111, ,31.5268766,120.2930821,3040567351
1112, ,31.5277741,120.2931035,3040567357
1113, ,31.5272631,120.2918019,3040567362
1114, ,31.5284104,120.2779044,3042063577
1115, ,31.528412,120.281478,3042063578
1116, ,31.6103843,120.2798657,3045195159
1117, ,31.612611,120.2848591,3045195162
1118, ,31.5895483,120.2850016,3052996587
1119, ,31.5924612,120.2856085,3052996603
1120, ,31.5911115,120.2880956,3052996625
1121, ,31.5895346,120.2891583,3052999738
1122, ,31.5921253,120.2917395,3053008326
1123, ,31.5910565,120.2907212,3053017963
1124, ,31.5938925,120.2907399,3053024964
1125, ,31.5935946,120.2912267,3053025015
1126, ,31.5241696,120.2627241,3073907953
1127, ,31.5509938,120.267499,3080591889
1128, ,31.5604867,120.3495675,3095941841
1129, ,31.5604663,120.3445994,3095941842
1130, ,31.5585646,120.3410186,3095941843
1131, ,31.5590403,120.3405126,3106675707
1132, ,31.5608785,120.3393622,3106717447
1133, ,31.5631839,120.3382087,3106717465
1134, ,31.5608287,120.3392555,3106717484
1135, ,31.5611452,120.3391939,3106717490
1136, ,31.568294,120.3324455,3106717514
1137, ,31.5623303,120.3384958,3106717517
1138, ,31.5649269,120.3371649,3106717659
1139, ,31.5630115,120.3107538,3108920387
1140, ,31.5630957,120.3106702,3108920390
1141, ,31.5657847,120.3117849,3108920391
1142, ,31.5639169,120.309888,3108920420
1143, ,31.5584087,120.3197572,3108949783
1144, ,31.5905389,120.3025022,3117755143
1145, ,31.5905072,120.3025515,3117755177
1146, ,31.5723601,120.2984759,3127333965
1147, ,31.5749605,120.3077928,3139661631
1148, ,31.5414449,120.3171447,3139684226
1149, ,31.578235,120.3049173,3148427953
1150, ,31.5894967,120.3102208,3185634865
1151, ,31.5881827,120.3161236,3185639423
1152, ,31.5273626,120.3428771,3216485726
1153, ,31.5283841,120.3408986,3216485727
1154, ,31.5475787,120.3167509,3226774443
1155, ,31.5481376,120.319983,3226774444
1156, ,31.5458491,120.3263177,3226774703
1157, ,31.5466664,120.3244706,3240032293
1158, ,31.5480234,120.3203809,3240032298
1159, ,31.5401554,120.324255,3240032306
1160, ,31.5576811,120.3023625,3240081964
1161, ,31.5583262,120.3031546,3240081966
1162, ,31.5863776,120.290465,3240373546
1163, ,31.6103555,120.2794663,3303549564
1164, ,31.6014825,120.2749694,3326582017
1165, ,31.5984664,120.2782513,3326582023
1166, ,31.6012624,120.2751478,3326582040
1167, ,31.5960373,120.2804551,3326582048
1168, ,31.5991748,120.2720954,3326585864
1169, ,31.5990915,120.2772871,3326594446
1170, ,31.5991876,120.2773809,3326594448
1171, ,31.5704139,120.3026636,3352056206
1172, ,31.6088682,120.2909628,3415383943
1173, ,31.6067729,120.2867825,3417009455
1174, ,31.6067453,120.2868508,3417011880
1176, ,31.6061505,120.2995397,3724865875
1177, ,31.6061618,120.2994303,3724867206
1178, ,31.6116457,120.2794638,3762466975
1179, ,31.6116388,120.2796508,3762467026
1180, ,31.5681891,120.2636875,4011232304
1181, ,31.5681901,120.2630785,4011232307
1182, ,31.5681243,120.2629534,4011232312
1183, ,31.548023,120.2656754,4059639392
1184, ,31.6065265,120.2996013,4065711226
1185, ,31.6065443,120.2994864,4065711227
1186, ,31.5437623,120.3147665,4138186311
1187, ,31.5465294,120.3395228,4138215465
1188, ,31.5467202,120.3393784,4138215466
1189, ,31.5491028,120.3218224,4149996589
1190, ,31.5452057,120.2991554,4198750357
1191, ,31.5284664,120.3409423,4198750360
1192, ,31.5588253,120.2857834,4198750365
1193, ,31.5378546,120.2971697,4198794138
1194, ,31.581212,120.2907172,4198794147
1195, ,31.5746941,120.3117066,4198794149
1196, ,31.5747282,120.3105984,4198794150
1197, ,31.5438909,120.3000019,4198794162
1198, ,31.5786946,120.2790289,4198794167
1199, ,31.5668731,120.3006537,4198794168
1200, ,31.6016725,120.2864216,4198794174
1201, ,31.5465767,120.3179994,4198794180
1202, ,31.5986294,120.2893758,4198794181
1203, ,31.5615746,120.3030123,4198794300
1204, ,31.5728576,120.2979669,4198794315
1205, ,31.5583419,120.3061161,4198794321
1206, ,31.5398628,120.2798026,4198794326
1207, ,31.5777298,120.3246694,4198794334
1208, ,31.5743405,120.3043799,4198794340
1209, ,31.5450392,120.2989443,4198794362
1210, ,31.5401067,120.2862439,4198794374
1211, ,31.5772974,120.3191697,4198794384
1212, ,31.5671163,120.3006241,4198794395
1213, ,31.5640058,120.3063271,4198794406
1214, ,31.5717314,120.2903833,4198794408
1215, ,31.5651776,120.318196,4198794409
1216, ,31.5582854,120.2997542,4198794411
1217, ,31.5631638,120.3048068,4198794412
1218, ,31.5741709,120.3041651,4198794416
1219, ,31.5747538,120.3126723,4198794422
1220, ,31.5748625,120.3127694,4198794425
1221, ,31.567463,120.3030411,4198794429
1222, ,31.5772872,120.3051677,4198794430
1223, ,31.5774855,120.3166315,4198794432
1224, ,31.5614781,120.303066,4198794439
1225, ,31.5829209,120.312032,4198794441
1226, ,31.5580537,120.3064323,4198794442
1227, ,31.5756467,120.3179042,4198794444
1228, ,31.6016274,120.2985412,4198794457
1229, ,31.5563646,120.3203165,4198794459
1230, ,31.5274624,120.3428974,4198794468
1231, ,31.5332445,120.3016586,4198794472
1232, ,31.5812633,120.29074,4198794479
1233, ,31.5675961,120.3024091,4198794493
1234, ,31.5683374,120.3025663,4198794507
1235, ,31.5534262,120.3108212,4198794511
1236, ,31.53973,120.2953642,4198794518
1237, ,31.5687709,120.3158828,4198794530
1238, ,31.547485,120.3032892,4198794548
1239, ,31.5506351,120.3073033,4198794565
1240, ,31.5822554,120.2780637,4198794578
1241, ,31.5687028,120.3159803,4198794584
1242, ,31.5565486,120.3202725,4198794590
1243, ,31.5563488,120.3202294,4198794612
1244, ,31.5822119,120.2779359,4198794613
1245, ,31.577105,120.2884961,4198794642
1246, ,31.5640391,120.3063909,4198794654
1247, ,31.5506107,120.3073364,4198794655
1248, ,31.5839457,120.2826782,4198794660
1249, ,31.5788106,120.278724,4198794661
1250, ,31.5480714,120.3040764,4198794664
1251, ,31.5973274,120.2961273,4198794668
1252, ,31.5823358,120.3094921,4198794678
1253, ,31.5819815,120.3018707,4198794692
1254, ,31.5742244,120.3043646,4198794699
1255, ,31.5667905,120.303446,4198794727
1256, ,31.5653664,120.3181135,4198794732
1257, ,31.5402347,120.2948694,4198794733
1258, ,31.5776916,120.3223438,4198794735
1259, ,31.5533132,120.3107421,4198794746
1260, ,31.5718301,120.2905158,4198794756
1261, ,31.5985272,120.2894839,4198794760
1262, ,31.5533695,120.3108846,4198794761
1263, ,31.5565074,120.3201915,4198794762
1264, ,31.5670023,120.3005236,4198794771
1265, ,31.5679927,120.3027691,4198794775
1266, ,31.5679009,120.3028235,4198794776
1267, ,31.5463725,120.3182038,4198794777
1268, ,31.5816114,120.294508,4198794783
1269, ,31.5670207,120.3006407,4198794787
1270, ,31.5590688,120.3197008,4198794807
1271, ,31.5746938,120.3118003,4198794811
1272, ,31.587992,120.2876137,4198794814
1273, ,31.5760671,120.3049452,4198794828
1274, ,31.5732564,120.313202,4198794834
1275, ,31.5825055,120.2733645,4198794840
1276, ,31.5770935,120.3187626,4198794842
1277, ,31.5476962,120.3036322,4198794847
1278, ,31.5401653,120.2949425,4198794848
1279, ,31.540103,120.2860803,4198794849
1280, ,31.5689248,120.3224529,4198794852
1281, ,31.5840737,120.2827506,4198794873
1282, ,31.5856108,120.2714416,4198794875
1283, ,31.5965772,120.2956924,4198794894
1284, ,31.5812852,120.2906365,4198794901
1285, ,31.5747736,120.3127972,4198794902
1286, ,31.5618365,120.2844757,4198794928
1287, ,31.5972131,120.296055,4198794929
1288, ,31.584015,120.2826245,4198794943
1289, ,31.5582007,120.3062782,4198794949
1290, ,31.5909585,120.3100554,4198817230
1291, ,31.5857125,120.3123078,4198817248
1292, ,31.5911166,120.3100557,4198817286
1293, ,31.5899051,120.3317618,4198817503
1294, ,31.5856354,120.3124236,4198817505
1295, ,31.5904903,120.3101523,4198817568
1296, ,31.6009875,120.3193484,4198817818
1297, ,31.5884838,120.3253346,4198817891
1298, ,31.5825974,120.3111614,4198817900
1299, ,31.5853555,120.3463921,4198817906
1300, ,31.5810046,120.347233,4198817976
1301, ,31.5916709,120.3103587,4198817985
1302, ,31.5900327,120.3317658,4198817990
1303, ,31.5815178,120.3458744,4198817995
1304, ,31.5523668,120.2794699,4220614548
1305, ,31.5508142,120.2764699,4220614553
1306, ,31.5679084,120.322841,4226475380
1307, ,31.5678046,120.3229124,4226475500
1308, ,31.5661867,120.3200674,4226475501
1309, ,31.566096,120.3198082,4226475502
1310, ,31.5656651,120.3186571,4226475510
1311, ,31.5658967,120.3178514,4226475515
1312, ,31.5647868,120.3175409,4226475516
1313, ,31.5645262,120.3182472,4226475520
1314, ,31.5662825,120.3175209,4226475522
1315, ,31.5651718,120.3177843,4226475526
1316, ,31.5570421,120.3046242,4226475528
1317, ,31.5573667,120.3052241,4226475534
1318, ,31.5737481,120.3310812,4226475538
1319, ,31.5742104,120.331748,4226475539
1320, ,31.5848401,120.2931028,4763018953
1321, ,31.5590052,120.3509712,5168543893
1322, ,31.5694342,120.3431614,5168543912
1323, ,31.5736109,120.3394095,5168545326
1324, ,31.5738377,120.3389487,5168545327
1325, ,31.5511084,120.3221114,5181285550
1326, ,31.5498902,120.3218718,5181285558
1327, ,31.5503909,120.322568,5181285560
1328, ,31.5516215,120.3238744,5181285581
1329, ,31.5527917,120.3253278,5181285586
1330, ,31.5526565,120.3254633,5181285587
1331, ,31.5555634,120.3290716,5181285590
1332, ,31.5682395,120.3164121,5245323241
1333, ,31.5691365,120.3153089,5245323247
1334, ,31.568275,120.3162319,5245323260
1335, ,31.5692166,120.3153573,5245323261